16/07/17 11:52,8430,8460
16/07/17 9:43,8430,8460
15/07/17 21:19,8430,8460
15/07/17 18:46,8430,8460
15/07/17 16:45,8430,8460
15/07/17 14:45,8430,8460
15/07/17 12:45,8430,8460
15/07/17 10:36,8430,8460
15/07/17 8:23,8430,8460
14/07/17 21:02,8430,8460
14/07/17 18:21,8430,8460
14/07/17 16:28,8440,8460
14/07/17 14:13,8440,8470
14/07/17 11:41,8440,8460
14/07/17 9:29,8440,8460
13/07/17 21:56,8440,8460
13/07/17 19:45,8440,8460
13/07/17 17:42,8440,8460
13/07/17 15:18,8430,8460
13/07/17 13:15,8420,8450
13/07/17 11:14,8420,8450
13/07/17 9:03,8420,8450
12/07/17 21:11,8420,8440
12/07/17 18:25,8410,8430
12/07/17 16:59,8390,8420
12/07/17 14:41,8390,8420
12/07/17 13:20,8400,8420
12/07/17 11:09,8400,8430
12/07/17 9:11,8400,8430
11/07/17 20:56,8400,8430
11/07/17 18:29,8400,8430
11/07/17 16:26,8400,8440
11/07/17 14:11,8410,8440
11/07/17 12:12,8420,8440
11/07/17 10:12,8420,8450
11/07/17 8:28,8430,8450
10/07/17 21:25,8430,8450
10/07/17 18:04,8430,8460
10/07/17 16:18,8440,8460
10/07/17 14:09,8440,8470
10/07/17 12:13,8440,8460
10/07/17 10:12,8430,8460
10/07/17 8:12,8430,8460
09/07/17 18:41,8430,8460
09/07/17 16:28,8430,8460
09/07/17 13:41,8430,8460
09/07/17 11:32,8430,8460
09/07/17 9:06,8430,8460
08/07/17 21:19,8430,8460
08/07/17 19:48,8430,8450
08/07/17 17:04,8420,8450
08/07/17 14:41,8420,8450
08/07/17 12:46,8420,8450
08/07/17 10:49,8420,8450
08/07/17 8:22,8420,8450
07/07/17 21:38,8430,8450
07/07/17 19:50,8430,8450
07/07/17 18:18,8430,8460
07/07/17 16:06,8440,8460
07/07/17 13:47,8450,8470
07/07/17 11:04,8440,8460
07/07/17 9:01,8440,8460
06/07/17 21:48,8440,8460
06/07/17 19:16,8440,8470
06/07/17 17:20,8440,8470
06/07/17 15:28,8440,8470
06/07/17 12:48,8440,8470
06/07/17 10:50,8440,8470
06/07/17 8:25,8440,8470
05/07/17 21:12,8440,8470
05/07/17 19:41,8440,8470
05/07/17 17:59,8440,8470
05/07/17 16:09,8440,8470
05/07/17 13:53,8440,8470
05/07/17 11:10,8430,8460
05/07/17 8:59,8430,8460
04/07/17 19:56,8420,8450
04/07/17 18:02,8420,8450
04/07/17 15:41,8420,8450
04/07/17 13:36,8420,8450
04/07/17 11:13,8420,8450
04/07/17 9:04,8430,8450
03/07/17 21:19,8430,8460
03/07/17 19:26,8430,8460
03/07/17 17:36,8430,8460
03/07/17 15:46,8430,8450
03/07/17 13:35,8420,8450
03/07/17 11:40,8410,8450
03/07/17 9:21,8400,8430
02/07/17 20:09,8400,8430
02/07/17 17:45,8400,8430
02/07/17 15:32,8400,8430
02/07/17 13:42,8390,8420
02/07/17 11:15,8380,8420
02/07/17 9:06,8370,8410
01/07/17 21:15,8370,8410
01/07/17 19:05,8380,8410
01/07/17 16:46,8380,8420
01/07/17 14:45,8390,8420
01/07/17 12:41,8400,8430
01/07/17 10:49,8400,8450
01/07/17 8:40,8400,8450
30/06/17 21:05,8400,8450
30/06/17 18:30,8400,8430
30/06/17 16:13,8380,8420
30/06/17 14:04,8370,8400
30/06/17 12:45,8350,8380
30/06/17 10:52,8340,8370
30/06/17 8:43,8340,8370
29/06/17 21:28,8340,8370
29/06/17 19:31,8340,8370
29/06/17 17:44,8330,8360
29/06/17 15:45,8320,8350
29/06/17 13:47,8320,8340
29/06/17 11:02,8300,8330
29/06/17 8:27,8300,8330
28/06/17 21:01,8300,8330
28/06/17 19:31,8300,8330
28/06/17 17:00,8300,8330
28/06/17 14:59,8310,8330
28/06/17 12:44,8310,8340
28/06/17 10:43,8310,8340
28/06/17 8:27,8310,8340
27/06/17 21:06,8310,8340
27/06/17 18:56,8310,8340
27/06/17 16:23,8310,8340
27/06/17 14:28,8310,8340
27/06/17 12:38,8310,8340
27/06/17 10:42,8310,8340
27/06/17 8:30,8310,8340
26/06/17 20:47,8310,8340
26/06/17 18:23,8310,8340
26/06/17 16:24,8310,8340
26/06/17 13:21,8310,8340
26/06/17 10:31,8310,8340
26/06/17 8:46,8300,8340
25/06/17 20:02,8300,8330
25/06/17 17:21,8290,8320
25/06/17 15:04,8280,8320
25/06/17 12:56,8280,8300
25/06/17 11:03,8270,8300
25/06/17 9:09,8270,8300
24/06/17 21:03,8270,8300
24/06/17 19:03,8270,8300
24/06/17 16:53,8280,8300
24/06/17 15:01,8290,8310
24/06/17 13:05,8290,8320
24/06/17 11:03,8300,8320
24/06/17 8:40,8300,8320
23/06/17 20:49,8300,8320
23/06/17 19:12,8300,8320
23/06/17 17:30,8300,8320
23/06/17 15:28,8300,8320
23/06/17 13:30,8300,8330
23/06/17 11:48,8300,8330
23/06/17 9:24,8300,8330
22/06/17 20:14,8300,8330
22/06/17 18:02,8300,8320
22/06/17 15:44,8280,8310
22/06/17 13:36,8280,8310
22/06/17 10:44,8280,8310
22/06/17 8:39,8280,8310
21/06/17 20:31,8280,8310
21/06/17 18:12,8280,8320
21/06/17 15:58,8280,8320
21/06/17 13:25,8290,8320
21/06/17 11:22,8290,8320
21/06/17 9:12,8300,8320
20/06/17 21:37,8300,8330
20/06/17 18:43,8310,8330
20/06/17 15:41,8310,8330
20/06/17 13:41,8320,8350
20/06/17 11:48,8320,8340
20/06/17 9:46,8320,8340
19/06/17 20:28,8310,8340
19/06/17 17:53,8310,8330
19/06/17 15:59,8310,8330
19/06/17 13:31,8300,8330
19/06/17 11:27,8290,8310
19/06/17 8:46,8270,8300
18/06/17 20:12,8280,8310
18/06/17 18:00,8280,8320
18/06/17 15:25,8300,8320
18/06/17 13:40,8300,8330
18/06/17 11:37,8310,8330
18/06/17 9:17,8310,8340
17/06/17 20:59,8310,8340
17/06/17 19:49,8310,8340
17/06/17 17:45,8310,8340
17/06/17 15:42,8300,8330
17/06/17 13:17,8300,8330
17/06/17 10:43,8290,8320
17/06/17 8:51,8280,8320
16/06/17 20:49,8270,8300
16/06/17 18:48,8250,8280
16/06/17 16:06,8220,8270
16/06/17 13:45,8230,8280
16/06/17 11:22,8240,8280
16/06/17 9:40,8250,8280
15/06/17 20:52,8270,8300
15/06/17 20:52,8270,8300
15/06/17 19:48,8280,8300
15/06/17 17:53,8280,8310
15/06/17 15:52,8290,8320
15/06/17 13:06,8300,8330
15/06/17 11:02,8290,8320
15/06/17 8:45,8280,8320
14/06/17 21:26,8280,8310
14/06/17 18:20,8270,8300
14/06/17 16:26,8270,8300
14/06/17 14:46,8270,8300
14/06/17 12:47,8250,8280
14/06/17 11:07,8260,8290
14/06/17 9:09,8260,8290
13/06/17 21:00,8250,8280
13/06/17 19:14,8260,8290
13/06/17 17:10,8270,8300
13/06/17 14:55,8280,8320
13/06/17 11:44,8300,8330
13/06/17 8:56,8300,8330
12/06/17 20:30,8300,8330
12/06/17 18:39,8300,8330
12/06/17 15:49,8290,8320
12/06/17 13:22,8280,8320
12/06/17 11:31,8270,8300
12/06/17 8:43,8270,8300
11/06/17 21:51,8270,8300
11/06/17 19:52,8250,8300
11/06/17 16:26,8250,8300
11/06/17 13:56,8250,8300
11/06/17 11:23,8270,8300
11/06/17 8:33,8270,8310
10/06/17 21:04,8280,8320
10/06/17 19:02,8300,8330
10/06/17 16:45,8300,8350
10/06/17 14:11,8300,8330
10/06/17 11:29,8280,8320
10/06/17 8:37,8270,8300
09/06/17 21:43,8260,8290
09/06/17 18:20,8260,8290
09/06/17 16:17,8270,8300
09/06/17 14:32,8270,8320
09/06/17 11:52,8270,8320
09/06/17 9:48,8280,8320
08/06/17 21:16,8300,8330
08/06/17 18:38,8310,8340
08/06/17 16:21,8320,8350
08/06/17 13:45,8300,8350
08/06/17 11:27,8300,8350
08/06/17 9:09,8300,8350
07/06/17 20:20,8300,8350
07/06/17 17:56,8270,8320
07/06/17 15:22,8250,8300
07/06/17 13:18,8250,8300
07/06/17 11:08,8270,8320
07/06/17 8:59,8300,8350
06/06/17 21:32,8320,8370
06/06/17 19:32,8340,8380
06/06/17 17:10,8350,8400
06/06/17 15:01,8360,8420
06/06/17 13:39,8350,8400
06/06/17 11:19,8300,8350
06/06/17 9:07,8280,8330
05/06/17 21:02,8270,8320
05/06/17 18:58,8230,8300
05/06/17 16:43,8220,8270
05/06/17 14:16,8200,8250
05/06/17 11:09,8150,8250
05/06/17 8:54,8200,8250
04/06/17 21:44,8200,8250
04/06/17 19:18,8150,8230
04/06/17 16:33,8150,8250
04/06/17 13:57,8120,8200
04/06/17 11:33,8070,8150
04/06/17 10:17,8050,8150
04/06/17 7:58,8100,8200
03/06/17 19:53,8150,8250
03/06/17 17:48,8200,8270
03/06/17 16:16,8250,8300
03/06/17 13:36,8270,8320
03/06/17 11:17,8300,8350
03/06/17 7:31,8300,8350
02/06/17 22:56,8350,8380
02/06/17 20:16,8350,8400
02/06/17 18:53,8400,8440
02/06/17 16:13,8420,8460
02/06/17 13:07,8420,8460
02/06/17 10:53,8400,8450
02/06/17 8:20,8400,8440
01/06/17 20:14,8400,8440
01/06/17 17:28,8400,8450
01/06/17 16:37,8420,8470
01/06/17 14:44,8440,8490
01/06/17 13:00,8450,8500
01/06/17 8:46,8430,8470
31/05/17 20:52,8440,8480
31/05/17 18:51,8450,8500
31/05/17 15:53,8450,8500
31/05/17 14:50,8480,8530
31/05/17 12:52,8480,8530
31/05/17 10:23,8470,8520
31/05/17 8:35,8500,8540
30/05/17 20:43,8500,8550
30/05/17 18:35,8520,8580
30/05/17 14:54,8510,8560
30/05/17 12:06,8490,8540
30/05/17 8:36,8470,8520
30/05/17 8:22,8440,8480
29/05/17 20:45,8440,8480
29/05/17 18:25,8420,8470
29/05/17 15:56,8400,8450
29/05/17 12:59,8400,8450
29/05/17 10:56,8420,8480
29/05/17 8:36,8450,8510
28/05/17 20:49,8450,8500
28/05/17 18:33,8440,8500
28/05/17 15:22,8410,8500
28/05/17 12:32,8430,8510
28/05/17 11:06,8450,8530
28/05/17 8:15,8430,8530
27/05/17 21:36,8410,8510
27/05/17 20:01,8420,8520
27/05/17 17:26,8400,8500
27/05/17 15:50,8400,8500
27/05/17 13:01,8400,8470
27/05/17 11:03,8350,8420
27/05/17 8:41,8300,8350
26/05/17 21:08,8290,8350
26/05/17 19:52,8300,8360
26/05/17 15:52,8300,8380
26/05/17 14:54,8270,8320
26/05/17 13:49,8250,8300
26/05/17 11:18,8250,8300
26/05/17 8:36,8250,8300
25/05/17 21:14,8250,8300
25/05/17 18:45,8250,8320
25/05/17 16:31,8250,8350
25/05/17 14:15,8270,8350
25/05/17 12:43,8270,8330
25/05/17 11:02,8250,8320
25/05/17 8:53,8250,8300
24/05/17 20:32,8250,8300
24/05/17 18:37,8220,8270
24/05/17 16:31,8200,8250
24/05/17 15:11,8180,8230
24/05/17 13:28,8200,8250
24/05/17 11:19,8210,8260
24/05/17 8:04,8220,8270
23/05/17 21:01,8200,8250
23/05/17 19:34,8200,8250
23/05/17 17:10,8200,8260
23/05/17 15:10,8220,8280
23/05/17 12:40,8230,8290
23/05/17 12:26,8200,8260
23/05/17 10:09,8200,8250
23/05/17 9:04,8190,8230
22/05/17 20:55,8180,8220
22/05/17 18:09,8170,8220
22/05/17 16:00,8150,8200
22/05/17 14:01,8140,8190
22/05/17 11:11,8130,8180
22/05/17 8:27,8120,8180
21/05/17 21:06,8140,8190
21/05/17 19:38,8140,8200
21/05/17 18:33,8150,8220
21/05/17 16:11,8140,8210
21/05/17 13:47,8120,8200
21/05/17 11:43,8110,8180
21/05/17 9:36,8100,8160
21/05/17 8:38,8080,8120
20/05/17 20:50,8040,8080
20/05/17 18:44,8030,8070
20/05/17 17:02,8030,8080
20/05/17 14:19,8030,8080
20/05/17 10:52,8030,8080
20/05/17 8:44,8020,8070
19/05/17 20:32,8020,8070
19/05/17 18:34,8020,8070
19/05/17 16:32,8050,8100
19/05/17 14:08,8050,8100
19/05/17 11:23,8070,8120
19/05/17 9:05,8090,8140
18/05/17 21:27,8090,8140
18/05/17 19:47,8090,8150
18/05/17 17:54,8100,8170
18/05/17 15:28,8100,8180
18/05/17 12:53,8130,8190
18/05/17 10:39,8110,8170
18/05/17 8:28,8090,8150
17/05/17 20:51,8070,8130
17/05/17 18:04,8050,8110
17/05/17 15:31,8040,8100
17/05/17 12:59,8030,8100
17/05/17 10:23,8020,8090
17/05/17 8:22,8000,8060
16/05/17 21:14,8000,8050
16/05/17 19:02,7980,8030
16/05/17 16:08,7950,8000
16/05/17 13:50,7900,7950
16/05/17 11:19,7870,7960
16/05/17 8:32,7900,7980
15/05/17 21:17,7900,8000
15/05/17 18:55,7950,8020
15/05/17 17:18,8000,8050
15/05/17 15:30,8020,8060
15/05/17 12:46,8030,8070
15/05/17 10:53,8040,8090
15/05/17 8:22,8050,8100
14/05/17 20:50,8050,8110
14/05/17 18:15,8060,8120
14/05/17 15:22,8060,8110
14/05/17 12:05,8050,8110
14/05/17 8:08,8050,8110
13/05/17 19:55,8030,8090
13/05/17 17:38,8030,8090
13/05/17 14:07,8020,8080
13/05/17 11:28,8010,8070
13/05/17 9:27,8010,8070
12/05/17 20:22,8000,8050
12/05/17 17:36,7980,8040
12/05/17 16:11,7970,8020
12/05/17 12:14,7970,8020
12/05/17 8:22,7970,8010
11/05/17 18:29,7960,8000
11/05/17 15:11,7950,8000
11/05/17 12:19,7950,8000
11/05/17 9:21,7950,8000
10/05/17 19:04,7970,8010
10/05/17 15:07,7980,8010
10/05/17 12:16,7980,8030
10/05/17 8:41,8000,8040
09/05/17 20:34,8000,8040
09/05/17 18:09,8000,8040
09/05/17 14:51,8000,8050
09/05/17 12:07,8020,8060
09/05/17 8:54,8020,8070
08/05/17 21:27,8020,8070
08/05/17 18:53,8020,8070
08/05/17 15:17,8010,8060
08/05/17 11:33,8010,8050
08/05/17 9:08,8010,8050
07/05/17 17:39,8000,8040
07/05/17 15:26,8000,8040
07/05/17 11:46,8000,8040
07/05/17 8:50,7990,8040
06/05/17 21:28,7990,8040
06/05/17 19:07,7980,8040
06/05/17 17:10,7980,8030
06/05/17 15:11,7980,8030
06/05/17 11:33,7980,8030
06/05/17 8:27,7970,8020
05/05/17 21:10,7960,8010
05/05/17 18:46,7950,8000
05/05/17 16:10,7940,7990
05/05/17 14:18,7920,7970
05/05/17 12:40,7900,7960
05/05/17 8:53,7900,7960
04/05/17 21:34,7880,7960
04/05/17 20:07,7880,7960
04/05/17 17:15,7860,7960
04/05/17 15:11,7860,7960
04/05/17 11:39,7910,7980
04/05/17 9:10,7940,8000
03/05/17 20:19,7950,8020
03/05/17 17:44,7980,8040
03/05/17 14:39,8000,8050
03/05/17 12:10,8010,8060
03/05/17 8:59,8010,8060
02/05/17 21:20,8010,8060
02/05/17 19:28,8000,8050
02/05/17 17:13,7980,8040
02/05/17 14:14,7970,8030
02/05/17 12:19,7960,8010
02/05/17 9:10,7960,8010
01/05/17 21:04,7960,8000
01/05/17 18:18,7960,8000
01/05/17 15:07,7950,8000
01/05/17 12:11,7950,8000
01/05/17 9:08,7950,8000
30/04/17 20:59,7950,8000
30/04/17 17:33,7950,8000
30/04/17 15:02,7950,8010
30/04/17 11:42,7950,8010
30/04/17 9:11,7930,8000
29/04/17 21:05,7930,7990
29/04/17 18:32,7920,7970
29/04/17 15:08,7910,7970
29/04/17 12:50,7900,7970
29/04/17 8:58,7900,7970
28/04/17 20:46,7900,7970
28/04/17 18:39,7920,7980
28/04/17 15:26,7920,7980
28/04/17 12:13,7910,7970
28/04/17 9:23,7900,7970
27/04/17 21:05,7890,7960
27/04/17 19:01,7890,7950
27/04/17 18:09,7880,7930
27/04/17 14:36,7870,7930
27/04/17 11:58,7860,7910
27/04/17 9:23,7850,7910
26/04/17 21:24,7850,7910
26/04/17 18:41,7840,7900
26/04/17 15:11,7840,7900
26/04/17 13:11,7840,7900
26/04/17 10:43,7850,7920
26/04/17 8:52,7850,7930
26/04/17 8:21,7820,7890
25/04/17 21:05,7840,7900
25/04/17 18:09,7840,7900
25/04/17 15:12,7840,7900
25/04/17 13:46,7840,7900
25/04/17 11:48,7840,7900
25/04/17 8:53,7800,7860
24/04/17 21:15,7800,7860
24/04/17 19:18,7800,7860
24/04/17 17:11,7800,7850
24/04/17 15:08,7790,7840
24/04/17 13:17,7790,7830
24/04/17 11:03,7780,7830
24/04/17 9:20,7760,7820
23/04/17 20:57,7750,7810
23/04/17 18:11,7750,7810
23/04/17 15:00,7750,7810
23/04/17 12:08,7750,7810
23/04/17 9:27,7750,7810
22/04/17 21:34,7740,7800
22/04/17 19:07,7720,7780
22/04/17 14:49,7700,7760
22/04/17 11:46,7700,7760
22/04/17 9:07,7720,7780
21/04/17 21:18,7750,7810
21/04/17 18:38,7770,7820
21/04/17 15:17,7770,7820
21/04/17 13:11,7770,7830
21/04/17 10:28,7750,7800
20/04/17 20:55,7750,7800
20/04/17 18:32,7750,7800
20/04/17 15:26,7750,7800
20/04/17 12:39,7750,7800
20/04/17 9:00,7720,7780
19/04/17 21:20,7700,7750
19/04/17 18:17,7700,7750
19/04/17 15:12,7700,7750
19/04/17 12:11,7700,7750
19/04/17 9:29,7690,7740
18/04/17 21:21,7660,7720
18/04/17 18:30,7640,7700
18/04/17 15:58,7640,7700
18/04/17 13:42,7630,7690
18/04/17 9:31,7630,7690
17/04/17 21:21,7620,7690
17/04/17 17:21,7620,7690
17/04/17 15:56,7650,7700
17/04/17 12:01,7650,7700
17/04/17 9:15,7650,7700
16/04/17 21:28,7650,7700
16/04/17 17:40,7650,7700
16/04/17 13:00,7650,7700
16/04/17 9:30,7650,7700
15/04/17 18:56,7630,7700
15/04/17 15:17,7630,7700
15/04/17 12:57,7600,7700
15/04/17 8:59,7600,7700
14/04/17 21:33,7650,7750
14/04/17 18:24,7650,7750
14/04/17 15:18,7650,7750
14/04/17 13:13,7650,7750
14/04/17 8:16,7650,7750
13/04/17 19:57,7650,7700
13/04/17 16:19,7650,7700
13/04/17 13:18,7650,7700
13/04/17 11:21,7600,7650
13/04/17 9:54,7550,7600
13/04/17 9:31,7530,7570
12/04/17 21:07,7520,7570
12/04/17 18:57,7520,7570
12/04/17 15:15,7500,7550
12/04/17 13:13,7500,7550
12/04/17 9:41,7500,7550
11/04/17 20:14,7480,7520
11/04/17 15:02,7460,7520
11/04/17 12:55,7460,7520
11/04/17 8:49,7450,7500
10/04/17 21:35,7450,7500
10/04/17 18:55,7450,7520
10/04/17 14:21,7450,7520
10/04/17 12:10,7500,7550
10/04/17 10:37,7520,7570
09/04/17 20:59,7520,7580
09/04/17 16:12,7500,7580
09/04/17 12:28,7500,7580
09/04/17 8:11,7500,7600
08/04/17 20:48,7550,7600
08/04/17 17:42,7550,7600
08/04/17 14:07,7550,7600
08/04/17 9:32,7550,7610
07/04/17 21:21,7580,7630
07/04/17 17:28,7600,7650
07/04/17 14:14,7600,7650
07/04/17 10:27,7600,7650
06/04/17 20:45,7600,7650
06/04/17 16:12,7600,7650
06/04/17 13:49,7600,7650
06/04/17 8:58,7600,7650
05/04/17 21:07,7600,7650
05/04/17 17:07,7600,7650
05/04/17 14:28,7550,7650
05/04/17 9:38,7550,7650
04/04/17 17:47,7550,7650
04/04/17 16:05,7530,7620
04/04/17 10:09,7500,7600
03/04/17 21:09,7500,7600
03/04/17 18:02,7500,7600
03/04/17 13:10,7500,7600
03/04/17 8:40,7500,7600
02/04/17 20:15,7450,7550
02/04/17 19:54,7400,7500
02/04/17 14:20,7400,7500
02/04/17 9:57,7400,7500
02/04/17 9:36,7450,7550
01/04/17 21:25,7450,7550
01/04/17 13:51,7400,7480
01/04/17 9:44,7450,7550
31/03/17 19:28,7500,7600
31/03/17 14:34,7500,7550
31/03/17 9:37,7450,7550
30/03/17 20:56,7400,7480
30/03/17 17:25,7380,7450
30/03/17 12:40,7350,7400
30/03/17 9:13,7350,7450
29/03/17 21:28,7400,7450
29/03/17 18:01,7450,7550
29/03/17 15:14,7550,7650
29/03/17 11:51,7550,7650
29/03/17 11:02,7600,7700
29/03/17 8:15,7700,7800
28/03/17 16:53,7600,7800
28/03/17 12:43,7600,7800
28/03/17 10:07,7500,7600
28/03/17 8:31,7400,7500
27/03/17 21:29,7400,7500
27/03/17 18:40,7300,7400
27/03/17 14:24,7300,7400
27/03/17 10:03,7200,7300
26/03/17 18:11,7200,7300
26/03/17 14:39,7200,7300
26/03/17 11:09,7150,7250
26/03/17 10:09,7100,7200
25/03/17 20:11,7030,7120
25/03/17 13:32,7030,7110
25/03/17 9:26,7000,7100
24/03/17 20:16,7000,7100
24/03/17 17:25,7050,7130
24/03/17 13:47,7050,7150
24/03/17 8:59,7100,7200
23/03/17 21:29,7100,7200
23/03/17 18:36,7150,7220
23/03/17 18:15,7200,7270
23/03/17 12:04,7200,7300
23/03/17 8:19,7200,7300
22/03/17 16:28,7250,7340
22/03/17 13:00,7250,7350
22/03/17 8:01,7250,7350
21/03/17 16:57,7350,7400
21/03/17 11:02,7350,7400
20/03/17 11:17,7400,7450
19/03/17 10:57,7400,7500
18/03/17 11:06,7550,7650
17/03/17 14:48,7600,7680
17/03/17 9:55,7600,7700
16/03/17 20:27,7600,7700
16/03/17 16:31,7650,7800
16/03/17 10:42,7600,7700
15/03/17 18:10,7700,7800
15/03/17 13:25,7700,7800
15/03/17 11:24,7650,7800
15/03/17 9:24,7600,7700
14/03/17 20:52,7650,7800
14/03/17 17:42,7750,7850
14/03/17 14:51,7750,7850
14/03/17 12:01,7700,7750
14/03/17 9:08,7600,7700
13/03/17 20:11,7550,7600
13/03/17 17:47,7500,7600
13/03/17 15:13,7450,7500
13/03/17 12:00,7400,7500
13/03/17 9:14,7400,7500
12/03/17 21:18,7400,7500
12/03/17 18:34,7450,7500
12/03/17 15:07,7400,7500
12/03/17 12:20,7400,7500
12/03/17 9:22,7400,7500
11/03/17 20:44,7400,7500
11/03/17 18:26,7400,7500
11/03/17 15:09,7400,7450
11/03/17 12:05,7300,7400
11/03/17 9:19,7350,7450
10/03/17 20:45,7400,7500
10/03/17 18:05,7400,7500
10/03/17 15:13,7350,7450
10/03/17 12:22,7300,7400
10/03/17 9:24,7280,7350
09/03/17 20:54,7250,7300
09/03/17 17:33,7230,7260
09/03/17 15:15,7220,7250
09/03/17 12:20,7220,7250
09/03/17 9:26,7220,7250
08/03/17 21:31,7220,7250
08/03/17 18:22,7220,7250
08/03/17 15:03,7220,7250
08/03/17 12:09,7200,7230
08/03/17 9:25,7200,7230
07/03/17 21:28,7200,7230
07/03/17 18:12,7200,7230
07/03/17 15:11,7200,7230
07/03/17 11:31,7180,7220
07/03/17 9:06,7180,7220
06/03/17 21:20,7180,7220
06/03/17 17:34,7150,7200
06/03/17 15:03,7150,7200
06/03/17 11:49,7150,7200
06/03/17 9:36,7150,7200
05/03/17 21:29,7150,7200
05/03/17 18:02,7100,7200
05/03/17 15:20,7100,7200
05/03/17 12:00,7050,7150
05/03/17 9:35,7100,7180
04/03/17 21:17,7150,7200
04/03/17 19:19,7170,7250
04/03/17 17:03,7150,7250
04/03/17 14:59,7150,7200
04/03/17 12:35,7150,7200
04/03/17 9:04,7130,7180
03/03/17 21:34,7100,7150
03/03/17 19:16,7100,7150
03/03/17 17:33,7100,7150
03/03/17 14:38,7050,7100
03/03/17 11:54,7100,7150
03/03/17 9:16,7150,7200
02/03/17 21:23,7150,7250
02/03/17 20:13,7120,7200
02/03/17 17:16,7120,7180
02/03/17 14:46,7100,7150
02/03/17 11:48,7070,7120
02/03/17 9:27,7070,7100
01/03/17 20:55,7050,7090
01/03/17 18:12,7040,7080
01/03/17 15:51,7020,7050
01/03/17 12:23,7020,7050
01/03/17 9:18,7020,7050
28/02/17 21:06,7000,7020
28/02/17 18:41,7000,7020
28/02/17 15:57,7000,7020
28/02/17 12:30,7000,7020
28/02/17 9:15,7000,7020
27/02/17 21:27,7000,7020
27/02/17 18:48,7000,7020
27/02/17 16:07,6980,7000
27/02/17 12:05,7000,7020
27/02/17 9:15,7000,7020
26/02/17 20:47,7000,7020
26/02/17 19:04,7000,7020
26/02/17 15:33,7000,7030
26/02/17 12:39,7010,7030
26/02/17 9:39,7020,7040
25/02/17 20:40,7020,7040
25/02/17 17:28,7020,7040
25/02/17 15:20,7020,7040
25/02/17 12:00,7020,7040
25/02/17 10:01,7020,7040
24/02/17 21:18,7020,7040
24/02/17 18:37,7000,7030
24/02/17 14:46,7000,7030
24/02/17 11:56,6990,7020
24/02/17 9:22,6990,7020
23/02/17 21:33,6980,7010
23/02/17 19:36,6970,7000
23/02/17 16:48,6970,7000
23/02/17 12:10,6950,6980
23/02/17 9:16,6950,6980
22/02/17 19:58,6940,6960
22/02/17 15:50,6940,6960
22/02/17 12:00,6940,6960
22/02/17 9:22,6940,6960
21/02/17 20:18,6940,6960
21/02/17 16:22,6930,6950
21/02/17 12:44,6930,6950
21/02/17 9:24,6930,6950
20/02/17 20:54,6930,6950
20/02/17 17:12,6930,6950
20/02/17 13:44,6930,6950
20/02/17 9:51,6930,6950
19/02/17 21:43,6930,6950
19/02/17 18:51,6930,6950
19/02/17 16:06,6930,6950
19/02/17 13:20,6920,6940
19/02/17 9:26,6920,6940
19/02/17 9:26,6920,6940
18/02/17 19:47,6920,6940
18/02/17 16:30,6920,6940
18/02/17 12:45,6910,6930
18/02/17 9:32,6910,6930
17/02/17 21:35,6910,6930
17/02/17 18:40,6920,6930
17/02/17 15:28,6920,6940
17/02/17 12:35,6920,6940
16/02/17 21:32,6920,6940
16/02/17 18:32,6920,6940
16/02/17 15:43,6920,6940
16/02/17 12:32,6920,6940
16/02/17 9:23,6920,6930
15/02/17 21:44,6920,6930
15/02/17 18:44,6920,6930
15/02/17 15:18,6920,6930
15/02/17 12:13,6910,6930
15/02/17 9:34,6910,6930
14/02/17 21:42,6910,6930
14/02/17 18:51,6910,6930
14/02/17 15:25,6900,6920
14/02/17 11:29,6900,6920
14/02/17 9:53,6900,6920
13/02/17 21:19,6900,6920
13/02/17 16:11,6900,6920
13/02/17 12:17,6900,6920
13/02/17 9:21,6900,6930
12/02/17 20:55,6900,6930
12/02/17 18:25,6900,6930
12/02/17 15:20,6910,6930
12/02/17 12:17,6910,6930
12/02/17 9:51,6910,6930
11/02/17 21:01,6910,6930
11/02/17 17:51,6910,6930
11/02/17 14:35,6910,6930
11/02/17 11:51,6910,6930
11/02/17 9:09,6910,6930
10/02/17 20:59,6910,6930
10/02/17 18:54,6910,6930
10/02/17 15:07,6910,6930
10/02/17 11:30,6910,6930
10/02/17 9:19,6910,6930
09/02/17 20:06,6910,6930
09/02/17 16:57,6910,6930
09/02/17 14:37,6910,6930
09/02/17 11:38,6910,6930
09/02/17 9:12,6900,6920
08/02/17 20:59,6900,6930
08/02/17 18:53,6900,6910
08/02/17 15:31,6890,6910
08/02/17 12:04,6880,6900
08/02/17 9:15,6890,6910
07/02/17 21:26,6890,6910
07/02/17 18:35,6900,6920
07/02/17 15:06,6900,6930
07/02/17 11:47,6920,6940
07/02/17 9:18,6920,6940
06/02/17 21:53,6900,6930
06/02/17 18:45,6900,6930
06/02/17 15:50,6900,6930
06/02/17 11:28,6880,6900
06/02/17 9:11,6880,6900
05/02/17 21:05,6880,6900
05/02/17 17:54,6880,6900
05/02/17 15:04,6880,6910
05/02/17 12:45,6880,6910
05/02/17 9:17,6900,6930
04/02/17 21:14,6920,6940
04/02/17 18:09,6920,6940
04/02/17 15:15,6920,6940
04/02/17 12:11,6920,6940
04/02/17 9:15,6920,6940
03/02/17 22:08,6920,6940
03/02/17 18:22,6920,6940
03/02/17 15:27,6910,6930
03/02/17 11:57,6910,6930
03/02/17 9:22,6900,6910
02/02/17 21:16,6890,6910
02/02/17 18:25,6890,6910
02/02/17 14:53,6890,6910
02/02/17 11:58,6890,6910
02/02/17 9:47,6880,6900
01/02/17 21:37,6880,6900
01/02/17 18:05,6880,6900
01/02/17 15:33,6880,6890
01/02/17 12:19,6880,6890
01/02/17 9:09,6880,6890
31/01/17 21:18,6880,6890
31/01/17 18:06,6880,6890
31/01/17 14:54,6880,6890
31/01/17 12:04,6870,6890
31/01/17 9:09,6870,6890
30/01/17 21:06,6870,6890
30/01/17 18:15,6870,6880
30/01/17 14:57,6870,6890
30/01/17 11:49,6870,6890
30/01/17 9:14,6870,6890
29/01/17 20:19,6870,6890
29/01/17 17:11,6870,6890
29/01/17 13:41,6870,6890
29/01/17 11:24,6870,6890
29/01/17 9:36,6870,6890
28/01/17 20:48,6870,6900
28/01/17 18:06,6870,6890
28/01/17 15:37,6870,6890
28/01/17 12:05,6860,6870
28/01/17 9:33,6860,6870
27/01/17 20:51,6850,6870
27/01/17 18:13,6850,6860
27/01/17 15:00,6840,6860
27/01/17 12:04,6840,6850
27/01/17 9:09,6840,6850
26/01/17 21:21,6840,6850
26/01/17 17:59,6840,6850
26/01/17 14:39,6840,6850
26/01/17 12:17,6840,6860
26/01/17 9:18,6840,6860
25/01/17 21:12,6850,6860
25/01/17 17:49,6860,6870
25/01/17 15:17,6860,6870
25/01/17 12:49,6860,6880
25/01/17 9:20,6860,6880
24/01/17 20:58,6850,6880
24/01/17 18:25,6850,6870
24/01/17 16:34,6850,6870
24/01/17 13:47,6840,6870
24/01/17 10:54,6840,6870
24/01/17 9:13,6840,6870
23/01/17 20:37,6840,6860
23/01/17 17:55,6820,6840
23/01/17 15:26,6820,6840
23/01/17 14:10,6800,6840
23/01/17 11:12,6830,6860
23/01/17 9:10,6830,6860
22/01/17 20:23,6830,6860
22/01/17 17:28,6850,6870
22/01/17 14:15,6850,6880
22/01/17 11:51,6850,6880
22/01/17 9:28,6850,6880
21/01/17 20:58,6850,6880
21/01/17 17:35,6840,6870
21/01/17 14:58,6830,6850
21/01/17 12:18,6820,6840
21/01/17 9:20,6800,6830
20/01/17 20:42,6820,6840
20/01/17 17:54,6820,6840
20/01/17 15:28,6840,6860
20/01/17 12:14,6860,6870
20/01/17 9:21,6880,6890
19/01/17 21:28,6880,6890
19/01/17 18:32,6880,6890
19/01/17 16:10,6890,6900
19/01/17 12:06,6890,6900
19/01/17 9:07,6890,6900
18/01/17 20:20,6890,6900
18/01/17 16:58,6900,6910
18/01/17 15:42,6900,6920
18/01/17 11:28,6910,6920
18/01/17 9:21,6920,6940
17/01/17 20:46,6930,6950
17/01/17 17:50,6930,6950
17/01/17 14:56,6920,6950
17/01/17 11:30,6900,6930
17/01/17 9:14,6900,6930
16/01/17 20:19,6900,6930
16/01/17 18:19,6900,6920
16/01/17 15:28,6900,6920
16/01/17 11:50,6880,6920
16/01/17 9:05,6880,6920
15/01/17 20:58,6880,6920
15/01/17 18:22,6880,6920
15/01/17 15:31,6880,6920
15/01/17 11:48,6880,6920
15/01/17 9:13,6880,6920
14/01/17 20:48,6880,6920
14/01/17 18:07,6880,6920
14/01/17 16:05,6880,6920
14/01/17 12:25,6870,6900
14/01/17 9:09,6870,6900
13/01/17 20:47,6850,6880
13/01/17 17:58,6870,6900
13/01/17 15:07,6880,6920
13/01/17 11:24,6900,6930
13/01/17 9:08,6910,6940
12/01/17 20:42,6910,6940
12/01/17 17:58,6910,6940
12/01/17 15:02,6910,6940
12/01/17 11:38,6900,6930
12/01/17 9:05,6880,6930
11/01/17 20:30,6880,6930
11/01/17 17:33,6880,6920
11/01/17 14:25,6860,6900
11/01/17 11:33,6860,6900
11/01/17 9:14,6860,6930
10/01/17 20:49,6860,6930
10/01/17 18:32,6880,6950
10/01/17 16:26,6900,6950
10/01/17 13:36,6880,6920
10/01/17 11:44,6850,6890
10/01/17 9:27,6840,6880
09/01/17 20:34,6830,6860
09/01/17 17:31,6830,6860
09/01/17 14:28,6830,6860
09/01/17 10:48,6830,6860
09/01/17 9:24,6830,6860
08/01/17 20:48,6830,6860
08/01/17 17:36,6830,6860
08/01/17 14:49,6830,6860
08/01/17 11:54,6830,6860
08/01/17 9:04,6820,6850
07/01/17 20:18,6820,6850
07/01/17 18:00,6820,6850
07/01/17 14:30,6810,6850
07/01/17 11:34,6800,6840
07/01/17 9:16,6810,6850
06/01/17 21:06,6810,6850
06/01/17 17:49,6830,6860
06/01/17 15:02,6840,6870
06/01/17 12:25,6840,6870
06/01/17 9:30,6840,6870
05/01/17 20:05,6850,6880
05/01/17 16:47,6850,6880
05/01/17 13:57,6850,6880
05/01/17 11:07,6850,6880
05/01/17 9:01,6830,6890
04/01/17 21:03,6830,6890
04/01/17 17:49,6800,6850
04/01/17 15:03,6800,6850
04/01/17 12:40,6800,6850
04/01/17 10:21,6770,6830
03/01/17 21:34,6750,6830
03/01/17 17:52,6750,6800
03/01/17 14:52,6750,6800
03/01/17 12:13,6750,6830
03/01/17 9:15,6750,6850
02/01/17 21:10,6750,6850
02/01/17 18:51,6750,6850
02/01/17 16:13,6750,6850
02/01/17 11:46,6730,6800
02/01/17 9:29,6700,6800
01/01/17 17:39,6800,6900
01/01/17 12:42,6800,6900
01/01/17 10:47,6700,6800
31/12/16 21:36,6700,6800
31/12/16 17:31,6750,6850
31/12/16 14:53,6800,6900
31/12/16 12:08,6750,6800
31/12/16 9:16,6700,6750
30/12/16 20:54,6680,6730
30/12/16 16:37,6680,6730
30/12/16 13:51,6650,6720
30/12/16 13:51,6650,6720
30/12/16 11:20,6630,6700
30/12/16 9:36,6630,6700
29/12/16 20:50,6600,6650
29/12/16 17:43,6600,6650
29/12/16 15:52,6650,6700
29/12/16 12:20,6680,6720
29/12/16 9:55,6700,6750
28/12/16 20:57,6700,6750
28/12/16 18:07,6700,6750
28/12/16 15:06,6700,6750
28/12/16 11:46,6650,6700
28/12/16 9:18,6650,6700
27/12/16 20:53,6640,6680
27/12/16 17:14,6620,6680
27/12/16 14:27,6620,6680
27/12/16 12:00,6600,6650
27/12/16 9:20,6600,6650
26/12/16 21:29,6580,6650
26/12/16 17:29,6580,6650
26/12/16 14:29,6600,6650
26/12/16 11:26,6570,6620
26/12/16 9:16,6550,6650
25/12/16 18:48,6550,6600
25/12/16 14:53,6550,6600
25/12/16 12:22,6550,6600
25/12/16 9:19,6550,6600
24/12/16 20:02,6550,6600
24/12/16 16:39,6550,6600
24/12/16 13:23,6500,6550
24/12/16 11:01,6500,6550
24/12/16 9:27,6500,6600
23/12/16 21:02,6500,6600
23/12/16 18:23,6550,6600
23/12/16 16:12,6550,6650
23/12/16 14:05,6550,6650
23/12/16 11:21,6550,6600
23/12/16 9:53,6500,6600
22/12/16 20:56,6500,6600
22/12/16 17:39,6450,6530
22/12/16 14:54,6450,6530
22/12/16 11:41,6550,6580
22/12/16 9:15,6580,6600
21/12/16 21:18,6600,6630
21/12/16 18:08,6600,6630
21/12/16 15:10,6630,6650
21/12/16 12:21,6640,6660
21/12/16 9:21,6650,6670
20/12/16 19:14,6650,6670
20/12/16 16:06,6660,6680
20/12/16 11:25,6650,6680
20/12/16 9:23,6650,6680
19/12/16 21:34,6660,6680
19/12/16 19:06,6660,6680
19/12/16 14:58,6650,6680
19/12/16 12:27,6650,6700
19/12/16 9:25,6650,6730
18/12/16 20:38,6650,6730
18/12/16 18:16,6670,6730
18/12/16 15:58,6670,6750
18/12/16 13:11,6670,6750
18/12/16 11:07,6650,6750
18/12/16 9:14,6650,6750
17/12/16 21:26,6650,6750
17/12/16 19:46,6650,6750
17/12/16 17:54,6750,6850
17/12/16 16:01,6700,6800
17/12/16 13:45,6750,6850
17/12/16 11:37,6620,6680
17/12/16 9:05,6620,6660
16/12/16 21:20,6620,6660
16/12/16 18:28,6650,6680
16/12/16 15:39,6700,6740
16/12/16 13:52,6730,6770
16/12/16 11:46,6730,6770
16/12/16 9:26,6750,6800
15/12/16 21:07,6750,6800
15/12/16 18:14,6780,6810
15/12/16 14:30,6800,6830
15/12/16 12:02,6800,6830
15/12/16 9:50,6800,6830
14/12/16 21:12,6800,6830
14/12/16 18:16,6800,6830
14/12/16 16:17,6800,6850
14/12/16 11:53,6800,6830
14/12/16 9:45,6800,6830
13/12/16 21:13,6830,6850
13/12/16 18:40,6840,6860
13/12/16 15:18,6840,6870
13/12/16 12:54,6830,6870
13/12/16 9:05,6850,6870
12/12/16 21:18,6830,6870
12/12/16 17:29,6830,6870
12/12/16 15:08,6830,6870
12/12/16 12:18,6820,6850
12/12/16 9:03,6800,6850
11/12/16 20:38,6830,6880
11/12/16 16:52,6830,6880
11/12/16 14:23,6850,6880
11/12/16 12:21,6850,6900
11/12/16 9:12,6870,6900
10/12/16 20:53,6870,6900
10/12/16 17:32,6850,6900
10/12/16 14:25,6820,6870
10/12/16 11:41,6800,6850
10/12/16 9:34,6800,6850
09/12/16 20:59,6830,6870
09/12/16 18:00,6850,6880
09/12/16 15:12,6890,6910
09/12/16 12:23,6900,6920
09/12/16 9:05,6900,6920
08/12/16 21:24,6900,6920
08/12/16 17:47,6900,6920
08/12/16 15:31,6900,6920
08/12/16 12:45,6900,6920
08/12/16 9:45,6900,6920
07/12/16 20:25,6900,6920
07/12/16 16:58,6890,6910
07/12/16 14:10,6890,6910
07/12/16 12:08,6890,6910
07/12/16 9:09,6880,6910
06/12/16 21:16,6880,6910
06/12/16 19:07,6880,6910
06/12/16 16:24,6880,6910
06/12/16 13:03,6870,6900
06/12/16 9:10,6870,6890
05/12/16 21:12,6870,6890
05/12/16 19:10,6870,6890
05/12/16 16:14,6860,6880
05/12/16 12:51,6850,6880
05/12/16 9:43,6850,6880
04/12/16 21:10,6850,6880
04/12/16 18:07,6850,6880
04/12/16 15:02,6850,6880
04/12/16 12:13,6850,6880
04/12/16 9:17,6850,6880
03/12/16 20:48,6850,6880
03/12/16 17:40,6850,6880
03/12/16 15:13,6850,6870
03/12/16 11:58,6860,6880
03/12/16 9:07,6870,6900
02/12/16 20:29,6870,6900
02/12/16 16:39,6870,6900
02/12/16 14:28,6860,6890
02/12/16 12:15,6860,6890
02/12/16 9:02,6830,6850
01/12/16 20:58,6830,6850
01/12/16 19:02,6840,6870
01/12/16 16:19,6840,6870
01/12/16 13:49,6850,6880
01/12/16 11:15,6870,6900
01/12/16 9:12,6870,6920
30/11/16 21:18,6900,6940
30/11/16 19:02,6900,6940
30/11/16 16:54,6900,6940
30/11/16 13:55,6900,6930
30/11/16 10:40,6880,6920
30/11/16 8:31,6880,6900
29/11/16 21:01,6870,6900
29/11/16 19:04,6870,6900
29/11/16 16:56,6870,6900
29/11/16 13:53,6850,6900
29/11/16 10:56,6830,6860
29/11/16 8:59,6830,6850
28/11/16 20:28,6830,6850
28/11/16 17:15,6800,6840
28/11/16 14:18,6800,6830
28/11/16 11:23,6800,6830
28/11/16 8:58,6800,6840
27/11/16 21:06,6800,6840
27/11/16 18:43,6800,6840
27/11/16 16:16,6800,6850
27/11/16 13:23,6830,6860
27/11/16 11:20,6820,6860
27/11/16 9:14,6830,6870
26/11/16 20:47,6830,6870
26/11/16 17:56,6830,6900
26/11/16 15:31,6830,6900
26/11/16 13:30,6830,6900
26/11/16 11:19,6830,6900
26/11/16 9:10,6800,6900
25/11/16 21:34,6800,6900
25/11/16 18:48,6800,6900
25/11/16 16:58,6800,6900
25/11/16 15:07,6700,6800
25/11/16 13:04,6700,6750
25/11/16 11:07,6700,6770
25/11/16 9:02,6750,6800
24/11/16 21:35,6800,6830
24/11/16 19:21,6830,6870
24/11/16 17:15,6850,6900
24/11/16 14:50,6900,6920
24/11/16 12:06,6910,6940
24/11/16 9:16,6930,6950
23/11/16 21:08,6940,6960
23/11/16 18:08,6950,6970
23/11/16 15:09,6950,6970
23/11/16 12:24,6950,6970
23/11/16 9:11,6960,6980
22/11/16 20:24,6960,6980
22/11/16 17:37,6960,6980
22/11/16 15:29,6960,6980
22/11/16 12:27,6960,6980
22/11/16 9:14,6960,6980
21/11/16 20:52,6960,6980
21/11/16 18:05,6960,6980
21/11/16 15:13,6960,6980
21/11/16 11:55,6960,6990
21/11/16 9:27,6960,6990
20/11/16 20:34,6960,6990
20/11/16 17:54,6960,6990
20/11/16 15:21,6960,6990
20/11/16 12:06,6960,6990
20/11/16 9:17,6960,6990
19/11/16 20:50,6960,6980
19/11/16 18:14,6960,6980
19/11/16 14:58,6960,6990
19/11/16 11:59,6960,6990
19/11/16 9:13,6950,6980
18/11/16 21:10,6950,6980
18/11/16 18:48,6950,6980
18/11/16 17:07,6960,6980
18/11/16 14:10,6980,7000
18/11/16 11:50,6960,7000
18/11/16 9:13,6980,7000
17/11/16 21:01,6980,7010
17/11/16 18:01,6990,7020
17/11/16 15:20,7000,7030
17/11/16 11:47,7000,7030
17/11/16 9:11,7000,7030
16/11/16 21:02,7000,7030
16/11/16 17:56,7000,7030
16/11/16 15:43,7000,7030
16/11/16 11:41,6990,7010
16/11/16 9:09,6980,7000
15/11/16 21:44,6980,7000
15/11/16 19:02,6970,7000
15/11/16 16:22,6970,7000
15/11/16 14:32,6970,7000
15/11/16 11:24,6950,6980
15/11/16 9:07,6950,6970
14/11/16 21:23,6950,6970
14/11/16 18:04,6960,6990
14/11/16 14:59,6960,7000
14/11/16 12:00,6980,7020
14/11/16 9:10,6980,7030
13/11/16 21:04,7000,7040
13/11/16 18:14,7000,7040
13/11/16 14:39,7000,7050
13/11/16 11:58,7000,7050
13/11/16 9:09,7000,7050
12/11/16 20:55,7000,7040
12/11/16 18:09,7000,7030
12/11/16 15:13,6970,7000
12/11/16 12:02,6960,6990
12/11/16 9:16,6960,6980
11/11/16 21:20,6950,6970
11/11/16 19:14,6950,6970
11/11/16 17:04,6950,6970
11/11/16 14:18,6940,6960
11/11/16 11:07,6940,6950
11/11/16 9:10,6930,6950
10/11/16 21:19,6930,6950
10/11/16 18:24,6940,6970
10/11/16 14:57,6930,6950
10/11/16 12:26,6930,6950
10/11/16 9:08,6930,6950
09/11/16 21:03,6930,6950
09/11/16 17:59,6930,6950
09/11/16 14:31,6930,6950
09/11/16 11:28,6930,6950
09/11/16 9:08,6930,6950
08/11/16 21:30,6930,6950
08/11/16 18:22,6930,6950
08/11/16 14:58,6930,6950
08/11/16 12:24,6930,6950
08/11/16 9:12,6920,6940
07/11/16 20:57,6920,6940
07/11/16 17:59,6920,6950
07/11/16 15:07,6920,6940
07/11/16 12:33,6920,6940
07/11/16 9:29,6920,6940
06/11/16 21:02,6920,6940
06/11/16 17:51,6920,6940
06/11/16 14:36,6920,6950
06/11/16 12:31,6920,6950
06/11/16 9:15,6920,6950
05/11/16 21:01,6920,6950
05/11/16 17:59,6920,6950
05/11/16 12:00,6900,6930
05/11/16 9:18,6890,6920
04/11/16 21:16,6890,6920
04/11/16 18:31,6880,6910
04/11/16 15:31,6880,6900
04/11/16 12:19,6870,6890
04/11/16 9:22,6870,6890
03/11/16 21:01,6860,6890
03/11/16 18:15,6860,6880
03/11/16 15:19,6860,6880
03/11/16 11:47,6850,6870
03/11/16 9:19,6850,6870
02/11/16 21:09,6850,6870
02/11/16 18:17,6850,6870
02/11/16 15:15,6840,6860
02/11/16 12:12,6840,6860
02/11/16 9:22,6840,6860
01/11/16 21:04,6840,6860
01/11/16 18:08,6840,6860
01/11/16 15:15,6840,6860
01/11/16 11:57,6830,6860
01/11/16 9:17,6830,6850
31/10/16 21:05,6830,6860
31/10/16 18:20,6830,6860
31/10/16 15:41,6820,6850
31/10/16 12:19,6810,6850
31/10/16 9:23,6810,6850
30/10/16 21:31,6810,6850
30/10/16 18:20,6810,6850
30/10/16 15:16,6810,6850
30/10/16 12:16,6800,6830
30/10/16 9:30,6800,6830
29/10/16 21:08,6800,6820
29/10/16 20:17,6840,6860
29/10/16 15:33,6840,6870
29/10/16 11:53,6840,6870
29/10/16 9:29,6840,6870
28/10/16 21:26,6840,6870
28/10/16 18:17,6830,6860
28/10/16 15:50,6830,6860
28/10/16 12:39,6820,6840
28/10/16 9:24,6800,6830
27/10/16 21:07,6800,6830
27/10/16 19:31,6800,6820
27/10/16 15:37,6780,6800
27/10/16 12:03,6780,6800
27/10/16 9:21,6780,6800
26/10/16 21:24,6780,6800
26/10/16 18:26,6780,6800
26/10/16 16:08,6780,6800
26/10/16 12:25,6750,6800
26/10/16 9:24,6780,6830
25/10/16 21:49,6800,6850
25/10/16 18:35,6800,6850
25/10/16 15:59,6800,6850
25/10/16 13:16,6800,6850
25/10/16 11:33,6750,6850
25/10/16 9:20,6750,6850
24/10/16 21:53,6800,6850
24/10/16 20:12,6800,6850
24/10/16 18:04,6750,6850
24/10/16 15:15,6700,6750
24/10/16 12:08,6680,6710
24/10/16 9:38,6670,6710
23/10/16 22:18,6670,6710
23/10/16 18:40,6670,6710
23/10/16 15:59,6670,6710
23/10/16 12:35,6660,6690
23/10/16 9:22,6660,6690
22/10/16 20:44,6670,6690
22/10/16 17:21,6650,6690
22/10/16 14:01,6640,6680
22/10/16 11:48,6640,6680
22/10/16 9:36,6620,6670
21/10/16 21:40,6630,6680
21/10/16 18:19,6630,6680
21/10/16 15:40,6620,6660
21/10/16 12:09,6610,6640
21/10/16 9:29,6590,6610
20/10/16 22:00,6590,6610
20/10/16 18:47,6580,6600
20/10/16 15:32,6570,6590
20/10/16 12:16,6580,6600
20/10/16 9:35,6580,6600
19/10/16 20:50,6580,6600
19/10/16 18:09,6590,6620
19/10/16 15:59,6590,6620
19/10/16 12:20,6590,6620
19/10/16 9:27,6590,6620
18/10/16 21:04,6590,6620
18/10/16 18:12,6580,6610
18/10/16 15:33,6570,6600
18/10/16 12:46,6550,6580
18/10/16 9:50,6530,6550
17/10/16 21:15,6530,6550
17/10/16 18:21,6530,6550
17/10/16 15:26,6530,6550
17/10/16 12:06,6500,6530
17/10/16 9:14,6510,6550
16/10/16 21:34,6530,6560
16/10/16 18:41,6530,6560
16/10/16 15:53,6540,6570
16/10/16 12:14,6550,6580
16/10/16 9:27,6550,6580
15/10/16 21:09,6570,6590
15/10/16 18:41,6560,6590
15/10/16 15:56,6560,6590
15/10/16 12:26,6530,6550
15/10/16 9:37,6520,6540
14/10/16 20:59,6520,6540
14/10/16 18:33,6520,6540
14/10/16 14:50,6510,6530
14/10/16 12:02,6510,6520
14/10/16 9:57,6500,6520
13/10/16 21:26,6500,6520
13/10/16 18:14,6500,6520
13/10/16 15:37,6500,6520
13/10/16 12:04,6490,6520
13/10/16 9:21,6490,6520
12/10/16 21:09,6490,6520
12/10/16 17:39,6480,6500
12/10/16 15:13,6470,6500
12/10/16 12:37,6460,6490
12/10/16 9:21,6460,6480
11/10/16 21:14,6460,6480
11/10/16 18:26,6460,6480
11/10/16 15:35,6450,6470
11/10/16 11:29,6440,6450
11/10/16 9:20,6440,6460
10/10/16 21:42,6440,6460
10/10/16 18:16,6440,6460
10/10/16 15:34,6440,6460
10/10/16 12:26,6440,6460
10/10/16 9:22,6440,6460
09/10/16 21:34,6440,6470
09/10/16 18:15,6440,6470
09/10/16 15:19,6440,6470
09/10/16 12:04,6440,6470
09/10/16 9:16,6450,6480
08/10/16 20:57,6450,6480
08/10/16 18:19,6450,6480
08/10/16 15:32,6450,6480
08/10/16 12:32,6440,6460
08/10/16 9:38,6430,6460
07/10/16 21:36,6430,6450
07/10/16 18:58,6420,6450
07/10/16 15:47,6420,6450
07/10/16 12:28,6410,6430
07/10/16 9:14,6400,6420
06/10/16 21:22,6410,6430
06/10/16 19:10,6420,6450
06/10/16 16:49,6420,6460
06/10/16 14:25,6420,6470
06/10/16 11:45,6450,6490
06/10/16 9:15,6460,6500
05/10/16 21:29,6460,6500
05/10/16 18:20,6430,6460
05/10/16 15:21,6420,6450
05/10/16 12:21,6410,6440
05/10/16 9:25,6400,6430
04/10/16 21:23,6400,6420
04/10/16 18:16,6390,6410
04/10/16 15:50,6390,6410
04/10/16 12:30,6380,6400
04/10/16 9:20,6380,6400
03/10/16 18:58,6380,6400
03/10/16 16:09,6370,6390
03/10/16 13:04,6370,6390
03/10/16 9:26,6370,6390
02/10/16 21:04,6370,6390
02/10/16 18:22,6370,6390
02/10/16 15:15,6370,6390
02/10/16 12:38,6370,6390
02/10/16 9:13,6370,6390
01/10/16 19:14,6370,6390
01/10/16 15:20,6370,6390
01/10/16 12:40,6370,6380
01/10/16 9:24,6370,6380
30/09/16 21:21,6370,6380
30/09/16 18:26,6370,6390
30/09/16 15:25,6370,6380
30/09/16 12:38,6370,6380
30/09/16 9:17,6360,6380
29/09/16 21:21,6370,6380
29/09/16 18:31,6370,6380
29/09/16 15:30,6370,6390
29/09/16 12:15,6370,6390
29/09/16 9:15,6370,6390
28/09/16 21:25,6370,6390
28/09/16 18:33,6370,6390
28/09/16 15:32,6370,6390
28/09/16 13:07,6370,6390
28/09/16 9:12,6360,6380
27/09/16 21:03,6360,6380
27/09/16 17:57,6360,6380
27/09/16 15:27,6350,6370
27/09/16 12:40,6350,6370
27/09/16 9:12,6350,6370
26/09/16 21:25,6360,6370
26/09/16 17:40,6350,6380
26/09/16 15:11,6370,6390
26/09/16 12:08,6370,6390
26/09/16 9:23,6370,6400
25/09/16 21:17,6370,6400
25/09/16 18:20,6370,6400
25/09/16 15:07,6360,6380
25/09/16 12:07,6360,6380
25/09/16 9:12,6360,6380
24/09/16 21:37,6360,6380
24/09/16 18:31,6360,6380
24/09/16 15:23,6350,6370
24/09/16 12:03,6350,6370
24/09/16 9:11,6350,6370
23/09/16 22:02,6360,6380
23/09/16 18:30,6350,6380
23/09/16 14:54,6370,6390
23/09/16 12:22,6370,6390
23/09/16 9:26,6380,6400
22/09/16 19:22,6380,6400
22/09/16 15:53,6380,6400
22/09/16 12:23,6380,6390
22/09/16 9:09,6380,6390
21/09/16 21:21,6380,6390
21/09/16 18:37,6380,6390
21/09/16 15:22,6370,6380
21/09/16 11:49,6370,6380
21/09/16 9:02,6370,6380
20/09/16 21:35,6370,6380
20/09/16 17:59,6370,6380
20/09/16 15:27,6370,6380
20/09/16 12:11,6360,6380
20/09/16 9:21,6360,6380
19/09/16 21:07,6370,6380
19/09/16 18:33,6370,6390
19/09/16 16:09,6380,6400
19/09/16 13:38,6360,6380
19/09/16 10:35,6370,6400
19/09/16 9:12,6370,6400
18/09/16 20:59,6380,6400
18/09/16 17:52,6380,6400
18/09/16 15:24,6380,6400
18/09/16 12:03,6380,6400
18/09/16 9:21,6380,6400
17/09/16 20:49,6380,6400
17/09/16 18:20,6380,6400
17/09/16 15:10,6380,6400
17/09/16 11:55,6380,6400
17/09/16 8:58,6380,6400
16/09/16 20:39,6380,6400
16/09/16 18:26,6370,6390
16/09/16 15:23,6370,6390
16/09/16 12:06,6370,6390
16/09/16 9:08,6370,6390
15/09/16 20:36,6370,6390
15/09/16 18:03,6360,6380
15/09/16 15:05,6360,6380
15/09/16 12:01,6360,6380
15/09/16 9:03,6360,6380
14/09/16 20:48,6360,6380
14/09/16 18:57,6360,6380
14/09/16 16:52,6350,6380
14/09/16 14:13,6350,6380
14/09/16 11:30,6350,6380
14/09/16 8:59,6350,6370
13/09/16 20:47,6350,6380
13/09/16 19:02,6350,6380
13/09/16 16:59,6350,6370
13/09/16 14:26,6350,6370
13/09/16 11:45,6350,6370
13/09/16 9:11,6370,6390
12/09/16 19:43,6370,6400
12/09/16 13:47,6370,6400
12/09/16 9:23,6370,6400
11/09/16 20:43,6370,6400
11/09/16 18:04,6370,6400
11/09/16 14:45,6360,6390
11/09/16 11:52,6360,6380
11/09/16 9:06,6360,6380
10/09/16 21:27,6360,6380
10/09/16 19:26,6350,6370
10/09/16 15:37,6340,6360
10/09/16 13:42,6340,6360
10/09/16 11:24,6340,6360
10/09/16 9:06,6350,6370
09/09/16 20:59,6360,6380
09/09/16 19:03,6370,6390
09/09/16 16:53,6370,6390
09/09/16 13:46,6380,6400
09/09/16 11:26,6380,6400
09/09/16 8:58,6380,6400
08/09/16 20:34,6380,6400
08/09/16 18:14,6390,6410
08/09/16 15:05,6390,6410
08/09/16 12:03,6390,6410
08/09/16 9:17,6390,6410
07/09/16 20:51,6380,6410
07/09/16 18:01,6380,6400
07/09/16 15:14,6380,6400
07/09/16 12:02,6380,6400
07/09/16 9:08,6360,6390
06/09/16 20:10,6350,6380
06/09/16 15:34,6350,6380
06/09/16 11:51,6350,6380
06/09/16 9:13,6350,6380
05/09/16 21:44,6350,6380
05/09/16 18:26,6350,6380
05/09/16 16:16,6350,6380
05/09/16 12:17,6360,6380
05/09/16 9:11,6360,6390
04/09/16 19:13,6360,6390
04/09/16 16:35,6360,6390
04/09/16 11:51,6360,6390
04/09/16 9:20,6360,6390
03/09/16 19:02,6360,6380
03/09/16 14:15,6360,6380
03/09/16 9:54,6350,6380
02/09/16 19:13,6350,6380
02/09/16 15:07,6350,6380
02/09/16 12:08,6350,6380
02/09/16 9:10,6350,6380
01/09/16 20:36,6350,6380
01/09/16 16:59,6350,6380
01/09/16 12:45,6340,6370
01/09/16 9:39,6340,6370
31/08/16 21:42,6340,6370
31/08/16 19:27,6330,6360
31/08/16 17:26,6330,6360
31/08/16 14:13,6350,6380
31/08/16 11:35,6360,6390
31/08/16 9:02,6360,6390
30/08/16 19:35,6360,6390
30/08/16 17:33,6370,6390
30/08/16 14:04,6370,6400
30/08/16 11:09,6360,6390
30/08/16 9:02,6360,6390
29/08/16 21:01,6360,6380
29/08/16 18:05,6350,6380
29/08/16 14:32,6340,6360
29/08/16 11:41,6340,6360
29/08/16 9:02,6330,6360
28/08/16 21:28,6330,6360
28/08/16 18:07,6330,6360
28/08/16 15:05,6330,6360
28/08/16 12:06,6330,6360
28/08/16 9:06,6330,6360
27/08/16 21:24,6330,6360
27/08/16 19:11,6330,6360
27/08/16 16:47,6330,6360
27/08/16 14:02,6340,6360
27/08/16 11:20,6340,6360
27/08/16 9:01,6340,6360
26/08/16 20:51,6340,6360
26/08/16 17:55,6340,6370
26/08/16 15:50,6340,6380
26/08/16 12:46,6300,6350
26/08/16 10:13,6300,6350
26/08/16 9:21,6350,6370
25/08/16 21:40,6350,6370
25/08/16 19:57,6350,6380
25/08/16 18:12,6350,6380
25/08/16 15:53,6350,6380
25/08/16 13:54,6350,6380
25/08/16 11:31,6380,6410
25/08/16 9:04,6400,6430
24/08/16 21:14,6410,6440
24/08/16 18:43,6420,6440
24/08/16 15:58,6400,6430
24/08/16 13:19,6380,6420
24/08/16 11:10,6360,6400
24/08/16 8:59,6360,6400
23/08/16 20:40,6350,6380
23/08/16 18:10,6330,6360
23/08/16 14:52,6330,6350
23/08/16 11:43,6320,6340
23/08/16 9:01,6320,6340
22/08/16 20:47,6320,6340
22/08/16 17:48,6310,6330
22/08/16 15:01,6310,6330
22/08/16 12:04,6310,6330
22/08/16 9:02,6310,6330
21/08/16 21:05,6310,6330
21/08/16 17:45,6310,6330
21/08/16 15:18,6310,6330
21/08/16 12:04,6300,6330
21/08/16 9:24,6300,6320
20/08/16 21:33,6300,6320
20/08/16 19:09,6300,6320
20/08/16 16:37,6300,6320
20/08/16 14:03,6300,6320
20/08/16 11:37,6290,6320
20/08/16 9:18,6290,6320
19/08/16 21:27,6280,6310
19/08/16 18:31,6270,6300
19/08/16 16:17,6270,6300
19/08/16 13:44,6270,6300
19/08/16 11:18,6300,6330
19/08/16 9:07,6300,6330
18/08/16 21:06,6320,6340
18/08/16 19:12,6330,6350
18/08/16 17:33,6340,6360
18/08/16 14:34,6340,6360
18/08/16 11:33,6350,6370
18/08/16 8:57,6350,6370
17/08/16 21:20,6350,6370
17/08/16 19:27,6360,6380
17/08/16 17:25,6360,6380
17/08/16 15:10,6360,6380
17/08/16 11:55,6360,6380
17/08/16 9:00,6360,6380
16/08/16 21:48,6360,6380
16/08/16 19:56,6360,6380
16/08/16 16:48,6350,6380
16/08/16 14:02,6350,6380
16/08/16 10:49,6350,6370
16/08/16 9:00,6350,6380
15/08/16 20:37,6350,6400
15/08/16 18:16,6350,6380
15/08/16 15:07,6370,6400
15/08/16 11:48,6380,6410
15/08/16 9:03,6400,6420
14/08/16 21:27,6400,6420
14/08/16 18:15,6400,6420
14/08/16 14:55,6400,6420
14/08/16 11:47,6400,6420
14/08/16 9:02,6400,6420
13/08/16 20:45,6400,6420
13/08/16 17:44,6400,6420
13/08/16 14:36,6400,6420
13/08/16 11:54,6400,6420
13/08/16 9:49,6400,6420
13/08/16 9:04,6410,6430
12/08/16 21:12,6410,6430
12/08/16 18:14,6410,6430
12/08/16 14:36,6410,6430
12/08/16 11:48,6410,6430
12/08/16 9:02,6410,6430
11/08/16 20:57,6410,6430
11/08/16 17:49,6410,6430
11/08/16 14:33,6410,6430
11/08/16 11:04,6410,6430
11/08/16 9:03,6410,6430
10/08/16 20:52,6410,6430
10/08/16 17:43,6410,6430
10/08/16 15:03,6410,6440
10/08/16 11:34,6410,6430
10/08/16 9:04,6410,6430
09/08/16 20:54,6410,6430
09/08/16 18:01,6410,6430
09/08/16 15:01,6410,6430
09/08/16 11:41,6400,6430
09/08/16 9:00,6410,6430
08/08/16 21:11,6420,6440
08/08/16 18:09,6400,6430
08/08/16 14:37,6430,6450
08/08/16 11:58,6430,6460
08/08/16 9:11,6430,6460
07/08/16 21:05,6440,6460
07/08/16 17:44,6430,6460
07/08/16 14:53,6430,6450
07/08/16 12:08,6430,6450
07/08/16 9:09,6430,6450
06/08/16 20:56,6430,6450
06/08/16 17:36,6430,6450
06/08/16 14:49,6430,6450
06/08/16 11:47,6420,6450
06/08/16 9:04,6420,6440
05/08/16 20:47,6420,6440
05/08/16 17:23,6410,6430
05/08/16 15:08,6410,6430
05/08/16 11:34,6400,6430
05/08/16 8:58,6400,6420
04/08/16 20:57,6400,6420
04/08/16 18:00,6400,6420
04/08/16 14:15,6390,6420
04/08/16 11:57,6380,6410
04/08/16 9:01,6380,6400
03/08/16 21:19,6380,6400
03/08/16 18:28,6370,6400
03/08/16 15:47,6370,6390
03/08/16 13:03,6370,6390
03/08/16 11:05,6370,6390
03/08/16 8:53,6370,6390
02/08/16 20:53,6370,6390
02/08/16 17:49,6360,6390
02/08/16 15:11,6360,6380
02/08/16 11:59,6360,6380
02/08/16 9:02,6360,6380
01/08/16 20:50,6360,6380
01/08/16 17:57,6360,6380
01/08/16 15:36,6350,6380
01/08/16 13:33,6350,6380
01/08/16 9:05,6350,6380
31/07/16 20:44,6350,6380
31/07/16 18:06,6350,6380
31/07/16 14:48,6350,6380
31/07/16 11:57,6350,6370
31/07/16 9:00,6350,6370
30/07/16 20:53,6350,6370
30/07/16 17:36,6350,6370
30/07/16 14:40,6350,6370
30/07/16 11:43,6350,6370
30/07/16 9:07,6360,6380
29/07/16 21:23,6360,6380
29/07/16 17:56,6350,6370
29/07/16 15:04,6350,6380
29/07/16 12:08,6350,6380
29/07/16 9:16,6350,6380
28/07/16 21:17,6350,6380
28/07/16 19:54,6350,6380
28/07/16 17:22,6350,6380
28/07/16 14:48,6340,6370
28/07/16 12:06,6340,6360
28/07/16 9:12,6330,6350
27/07/16 21:03,6330,6350
27/07/16 18:21,6330,6340
27/07/16 14:48,6320,6340
27/07/16 11:54,6310,6340
27/07/16 9:05,6310,6340
26/07/16 20:29,6310,6330
26/07/16 17:57,6310,6330
26/07/16 15:12,6310,6330
26/07/16 12:07,6300,6330
26/07/16 9:47,6300,6320
25/07/16 20:46,6300,6330
25/07/16 18:15,6300,6320
25/07/16 15:29,6320,6350
25/07/16 12:05,6320,6350
25/07/16 9:10,6320,6350
24/07/16 20:45,6320,6350
24/07/16 17:40,6320,6350
24/07/16 14:52,6320,6350
24/07/16 12:04,6320,6350
24/07/16 9:09,6320,6350
23/07/16 21:01,6320,6340
23/07/16 17:44,6320,6340
23/07/16 14:43,6310,6330
23/07/16 11:56,6310,6330
23/07/16 9:08,6310,6330
22/07/16 20:31,6310,6330
22/07/16 17:25,6310,6330
22/07/16 14:02,6310,6330
22/07/16 12:26,6310,6330
22/07/16 9:07,6310,6330
21/07/16 20:46,6310,6330
21/07/16 17:21,6300,6330
21/07/16 15:08,6300,6320
21/07/16 11:51,6300,6320
21/07/16 9:09,6300,6320
20/07/16 21:35,6300,6320
20/07/16 21:14,6300,6330
20/07/16 17:47,6300,6330
20/07/16 15:00,6300,6330
20/07/16 12:06,6300,6330
20/07/16 9:13,6300,6350
19/07/16 20:43,6300,6350
19/07/16 18:14,6300,6350
19/07/16 15:03,6300,6350
19/07/16 12:17,6300,6350
19/07/16 9:05,6300,6350
18/07/16 22:16,6300,6350
18/07/16 19:54,6300,6350
18/07/16 17:30,6300,6350
18/07/16 14:43,6300,6350
18/07/16 12:38,6300,6350
18/07/16 11:11,6300,6350
18/07/16 8:53,6300,6380
17/07/16 21:48,6300,6400
17/07/16 19:55,6300,6350
17/07/16 17:17,6300,6350
17/07/16 15:17,6300,6350
17/07/16 13:33,6280,6320
17/07/16 11:23,6280,6310
17/07/16 9:02,6270,6300
16/07/16 22:01,6270,6300
16/07/16 19:05,6270,6290
16/07/16 17:20,6270,6290
16/07/16 14:08,6250,6280
16/07/16 11:43,6250,6280
16/07/16 8:58,6250,6280
15/07/16 20:43,6250,6270
15/07/16 17:01,6240,6260
15/07/16 14:27,6240,6260
15/07/16 11:20,6240,6260
15/07/16 9:03,6240,6260
14/07/16 21:43,6240,6260
14/07/16 19:10,6240,6260
14/07/16 16:37,6240,6260
14/07/16 13:47,6240,6250
14/07/16 11:52,6240,6260
14/07/16 9:06,6240,6260
13/07/16 21:05,6240,6260
13/07/16 19:27,6240,6260
13/07/16 16:45,6230,6250
13/07/16 14:00,6230,6250
13/07/16 11:03,6220,6240
13/07/16 9:05,6220,6240
12/07/16 21:10,6220,6240
12/07/16 17:28,6220,6240
12/07/16 14:49,6220,6240
12/07/16 11:53,6220,6240
12/07/16 9:01,6220,6240
11/07/16 21:22,6220,6240
11/07/16 19:37,6210,6230
11/07/16 16:29,6210,6230
11/07/16 14:28,6210,6240
11/07/16 11:51,6200,6230
11/07/16 8:58,6200,6230
10/07/16 20:44,6200,6230
10/07/16 17:40,6200,6230
10/07/16 14:48,6200,6230
10/07/16 11:27,6200,6230
10/07/16 9:00,6200,6230
09/07/16 21:28,6200,6220
09/07/16 17:47,6200,6220
09/07/16 14:58,6200,6210
09/07/16 11:22,6190,6210
09/07/16 9:03,6190,6210
08/07/16 21:20,6190,6210
08/07/16 19:28,6190,6210
08/07/16 17:49,6190,6210
08/07/16 14:25,6180,6210
08/07/16 11:31,6180,6210
08/07/16 9:41,6180,6200
07/07/16 21:29,6180,6210
07/07/16 19:49,6180,6210
07/07/16 17:24,6180,6200
07/07/16 15:21,6190,6210
07/07/16 14:04,6180,6200
07/07/16 11:26,6200,6220
07/07/16 9:03,6200,6220
06/07/16 21:43,6200,6230
06/07/16 20:11,6200,6220
06/07/16 17:27,6200,6220
06/07/16 15:16,6200,6220
06/07/16 12:16,6200,6220
06/07/16 9:14,6200,6220
05/07/16 21:05,6200,6220
05/07/16 19:03,6200,6220
05/07/16 16:59,6180,6210
05/07/16 14:58,6180,6210
05/07/16 12:11,6180,6210
05/07/16 8:52,6180,6210
04/07/16 21:01,6200,6220
04/07/16 18:02,6200,6220
04/07/16 14:58,6200,6230
04/07/16 12:18,6210,6240
04/07/16 9:34,6210,6240
03/07/16 21:02,6210,6240
03/07/16 18:31,6210,6240
03/07/16 16:20,6200,6230
03/07/16 14:12,6200,6230
03/07/16 11:23,6200,6230
03/07/16 8:56,6200,6230
02/07/16 21:31,6200,6230
02/07/16 18:55,6210,6230
02/07/16 15:24,6210,6230
02/07/16 12:57,6210,6230
02/07/16 11:11,6210,6240
02/07/16 9:15,6220,6240
01/07/16 21:37,6210,6240
01/07/16 20:06,6200,6240
01/07/16 18:19,6210,6240
01/07/16 16:50,6200,6220
01/07/16 13:20,6200,6220
01/07/16 11:04,6200,6220
01/07/16 8:48,6200,6230
30/06/16 22:01,6200,6230
30/06/16 19:21,6200,6240
30/06/16 17:09,6210,6240
30/06/16 15:02,6200,6240
30/06/16 12:27,6200,6230
30/06/16 10:34,6200,6220
30/06/16 8:48,6200,6220
29/06/16 21:58,6200,6220
29/06/16 20:16,6200,6220
29/06/16 18:17,6180,6220
29/06/16 16:07,6180,6220
29/06/16 13:59,6170,6200
29/06/16 11:53,6170,6200
29/06/16 10:11,6180,6200
29/06/16 8:58,6180,6200
28/06/16 21:23,6200,6250
28/06/16 19:06,6200,6250
28/06/16 17:02,6200,6250
28/06/16 15:24,6200,6250
28/06/16 13:02,6200,6250
28/06/16 10:42,6170,6200
28/06/16 8:49,6170,6200
27/06/16 19:39,6150,6180
27/06/16 18:17,6150,6200
27/06/16 17:08,6140,6170
27/06/16 15:05,6120,6160
27/06/16 13:08,6130,6160
27/06/16 10:46,6130,6170
27/06/16 8:55,6130,6170
26/06/16 21:10,6130,6170
26/06/16 19:05,6130,6170
26/06/16 17:58,6130,6170
26/06/16 15:47,6120,6170
26/06/16 13:43,6120,6170
26/06/16 8:47,6100,6150
25/06/16 21:21,6130,6160
25/06/16 19:22,6130,6170
25/06/16 16:34,6130,6170
25/06/16 14:14,6130,6170
25/06/16 12:27,6130,6170
25/06/16 10:37,6100,6150
25/06/16 8:49,6100,6150
24/06/16 21:41,6130,6180
24/06/16 19:26,6150,6180
24/06/16 17:56,6130,6180
24/06/16 16:07,6130,6170
24/06/16 15:01,6130,6170
24/06/16 13:26,6100,6150
24/06/16 11:47,6100,6150
24/06/16 10:09,6100,6150
24/06/16 8:56,6100,6150
23/06/16 22:14,6130,6180
23/06/16 21:03,6130,6200
23/06/16 19:40,6150,6200
23/06/16 18:35,6150,6200
23/06/16 17:09,6150,6200
23/06/16 16:07,6150,6200
23/06/16 14:48,6100,6150
23/06/16 13:38,6080,6120
23/06/16 12:08,6070,6100
23/06/16 10:15,6070,6100
23/06/16 8:47,6070,6100
22/06/16 21:26,6070,6100
22/06/16 20:00,6070,6100
22/06/16 18:39,6080,6120
22/06/16 17:02,6080,6120
22/06/16 15:33,6080,6140
22/06/16 14:26,6080,6150
22/06/16 13:08,6080,6150
22/06/16 12:02,6100,6150
22/06/16 10:31,6120,6190
22/06/16 8:34,6120,6180
21/06/16 21:57,6120,6200
21/06/16 20:13,6120,6200
21/06/16 19:01,6120,6200
21/06/16 17:52,6120,6200
21/06/16 16:21,6100,6150
21/06/16 15:20,6100,6150
21/06/16 14:14,6100,6140
21/06/16 13:09,6070,6100
21/06/16 11:03,6060,6080
21/06/16 10:01,6060,6080
21/06/16 8:45,6050,6080
20/06/16 20:37,6050,6080
20/06/16 18:19,6040,6070
20/06/16 15:45,6030,6060
20/06/16 13:42,6030,6060
20/06/16 11:02,6040,6060
20/06/16 8:54,6040,6060
19/06/16 21:31,6040,6070
19/06/16 18:22,6040,6070
19/06/16 15:30,6040,6060
19/06/16 13:15,6040,6060
19/06/16 11:00,6030,6060
19/06/16 8:51,6040,6060
18/06/16 21:22,6040,6070
18/06/16 19:23,6040,6070
18/06/16 17:15,6040,6060
18/06/16 14:54,6020,6050
18/06/16 12:28,6030,6050
18/06/16 11:06,6030,6050
18/06/16 9:00,6050,6080
17/06/16 20:37,6050,6080
17/06/16 17:27,6050,6070
17/06/16 15:54,6030,6060
17/06/16 13:49,6010,6030
17/06/16 11:28,6000,6020
17/06/16 9:02,6000,6020
16/06/16 21:43,6000,6020
16/06/16 19:55,6000,6030
16/06/16 16:49,6020,6040
16/06/16 15:20,6030,6050
16/06/16 12:06,6050,6080
16/06/16 8:48,6050,6100
15/06/16 21:16,6050,6100
15/06/16 19:44,6050,6100
15/06/16 17:40,6040,6060
15/06/16 15:47,6020,6050
15/06/16 13:18,6010,6040
15/06/16 11:29,6010,6040
15/06/16 9:09,6010,6030
14/06/16 20:23,6000,6020
14/06/16 18:49,5990,6020
14/06/16 18:14,5990,6010
14/06/16 16:12,5980,6000
14/06/16 13:53,5980,6000
14/06/16 11:53,5980,6010
14/06/16 8:56,6000,6020
13/06/16 22:05,6000,6030
13/06/16 19:39,6000,6030
13/06/16 18:12,6000,6030
13/06/16 16:06,6000,6030
13/06/16 13:16,6010,6040
13/06/16 11:12,6020,6050
13/06/16 8:50,6030,6060
12/06/16 21:47,6040,6060
12/06/16 20:04,6040,6070
12/06/16 18:07,6040,6070
12/06/16 16:00,6040,6070
12/06/16 14:13,6040,6070
12/06/16 11:34,6040,6070
12/06/16 9:02,6040,6070
11/06/16 22:03,6040,6070
11/06/16 19:33,6040,6060
11/06/16 17:39,6040,6050
11/06/16 15:27,6030,6050
11/06/16 13:27,6030,6050
11/06/16 10:36,6020,6050
11/06/16 8:49,6020,6050
10/06/16 22:12,6020,6050
10/06/16 21:05,6020,6050
10/06/16 18:54,6010,6040
10/06/16 17:24,6010,6030
10/06/16 14:39,5980,6010
10/06/16 11:24,5980,6000
10/06/16 8:58,5980,6000
09/06/16 20:56,5970,6000
09/06/16 19:19,5970,6000
09/06/16 16:52,5970,5990
09/06/16 14:25,5970,5990
09/06/16 11:28,5970,6000
09/06/16 9:03,5980,6000
08/06/16 20:40,5980,6000
08/06/16 17:44,5980,6000
08/06/16 14:29,6000,6020
08/06/16 11:35,6000,6020
08/06/16 9:03,6010,6030
07/06/16 21:18,6010,6030
07/06/16 17:51,6010,6030
07/06/16 14:34,6020,6040
07/06/16 11:36,6020,6040
07/06/16 9:03,6020,6040
06/06/16 21:28,6010,6040
06/06/16 17:45,6010,6040
06/06/16 14:52,6010,6040
06/06/16 11:45,6000,6020
06/06/16 9:06,6020,6040
05/06/16 21:37,6020,6040
05/06/16 19:22,6020,6050
05/06/16 16:00,6020,6040
05/06/16 13:13,6020,6050
05/06/16 11:26,6020,6050
05/06/16 8:56,6020,6050
04/06/16 21:20,6030,6050
04/06/16 19:19,6030,6050
04/06/16 17:15,6030,6050
04/06/16 15:02,6030,6050
04/06/16 13:08,6030,6050
04/06/16 11:09,6030,6060
04/06/16 8:44,6030,6060
03/06/16 21:41,6030,6060
03/06/16 20:04,6030,6060
03/06/16 18:52,6030,6060
03/06/16 16:30,6000,6040
03/06/16 13:09,5970,6020
03/06/16 11:18,5970,6010
03/06/16 9:04,6000,6050
02/06/16 21:26,6040,6060
02/06/16 18:56,6050,6070
02/06/16 16:22,6060,6080
02/06/16 13:45,6060,6090
02/06/16 11:28,6060,6080
02/06/16 9:03,6060,6080
01/06/16 21:00,6050,6080
01/06/16 18:42,6050,6080
01/06/16 16:30,6050,6080
01/06/16 13:41,6040,6080
01/06/16 11:07,6030,6070
01/06/16 9:08,6030,6070
31/05/16 21:52,6030,6070
31/05/16 19:53,6030,6070
31/05/16 17:27,6030,6070
31/05/16 15:09,6020,6070
31/05/16 12:54,6020,6070
31/05/16 10:56,6000,6050
31/05/16 8:52,6000,6050
30/05/16 20:45,6000,6050
30/05/16 18:10,6000,6050
30/05/16 15:54,6000,6050
30/05/16 14:17,6000,6050
30/05/16 11:13,6050,6100
30/05/16 9:16,6050,6100
29/05/16 21:09,6050,6100
29/05/16 19:05,6050,6100
29/05/16 16:52,6050,6100
29/05/16 13:42,6050,6100
29/05/16 11:05,6050,6100
29/05/16 9:02,6050,6100
28/05/16 21:49,6050,6100
28/05/16 19:35,6050,6100
28/05/16 17:07,6050,6100
28/05/16 15:11,6000,6100
28/05/16 12:40,5950,6000
28/05/16 10:58,5950,6000
28/05/16 9:00,6000,6050
27/05/16 20:53,6070,6090
27/05/16 18:17,6070,6100
27/05/16 15:24,6080,6100
27/05/16 12:08,6100,6120
27/05/16 9:23,6100,6130
26/05/16 21:04,6110,6140
26/05/16 19:10,6120,6140
26/05/16 16:46,6120,6140
26/05/16 14:01,6120,6140
26/05/16 11:27,6120,6140
26/05/16 9:01,6120,6140
25/05/16 21:34,6120,6140
25/05/16 19:51,6120,6140
25/05/16 17:39,6100,6140
25/05/16 14:56,6100,6140
25/05/16 11:59,6100,6130
25/05/16 9:08,6100,6130
24/05/16 21:12,6100,6130
24/05/16 17:53,6100,6130
24/05/16 14:36,6100,6130
24/05/16 11:58,6100,6130
24/05/16 9:17,6120,6150
23/05/16 21:03,6130,6150
23/05/16 18:47,6130,6170
23/05/16 16:09,6150,6200
23/05/16 13:28,6150,6200
23/05/16 11:07,6150,6200
23/05/16 9:04,6150,6250
22/05/16 21:55,6150,6250
22/05/16 20:06,6150,6250
22/05/16 18:18,6150,6250
22/05/16 15:50,6100,6200
22/05/16 13:25,6050,6150
22/05/16 11:32,6000,6100
22/05/16 8:57,6050,6150
21/05/16 20:59,6100,6200
21/05/16 18:39,6150,6250
21/05/16 15:59,6150,6250
21/05/16 14:47,6200,6300
21/05/16 11:03,6270,6350
21/05/16 8:55,6270,6350
20/05/16 20:50,6250,6350
20/05/16 17:56,6220,6300
20/05/16 15:49,6220,6300
20/05/16 13:08,6200,6280
20/05/16 11:13,6170,6250
20/05/16 9:38,6150,6250
19/05/16 21:28,6150,6250
19/05/16 19:21,6120,6200
19/05/16 17:01,6100,6200
19/05/16 11:50,6100,6150
19/05/16 9:01,6100,6150
18/05/16 22:25,6100,6150
18/05/16 21:15,6100,6150
18/05/16 17:25,6000,6100
18/05/16 15:07,6000,6100
18/05/16 11:40,6050,6100
18/05/16 8:56,6050,6150
17/05/16 22:06,6050,6150
17/05/16 20:52,6100,6200
17/05/16 17:10,6050,6150
17/05/16 10:49,6000,6100
16/05/16 21:01,6050,6200
16/05/16 17:40,5800,6100
16/05/16 15:40,5550,5600
16/05/16 13:35,5550,5600
16/05/16 12:30,5600,5650
16/05/16 11:17,5700,5800
16/05/16 9:12,5800,5900
15/05/16 20:42,5920,5980
15/05/16 17:55,6000,6050
15/05/16 15:55,6000,6100
15/05/16 13:39,6050,6150
15/05/16 11:41,6100,6170
15/05/16 9:01,6150,6200
14/05/16 22:02,6170,6200
14/05/16 20:59,6170,6200
14/05/16 18:22,6200,6220
14/05/16 15:14,6200,6230
14/05/16 13:08,6200,6230
14/05/16 11:11,6200,6240
14/05/16 9:05,6210,6250
13/05/16 21:05,6210,6250
13/05/16 18:56,6210,6250
13/05/16 16:50,6240,6260
13/05/16 15:04,6250,6270
13/05/16 13:00,6250,6280
13/05/16 11:46,6250,6280
13/05/16 8:55,6300,6330
12/05/16 21:08,6300,6330
12/05/16 18:07,6320,6340
12/05/16 15:16,6340,6360
12/05/16 12:35,6340,6370
12/05/16 9:05,6350,6370
11/05/16 20:50,6350,6370
11/05/16 17:50,6350,6370
11/05/16 14:51,6360,6370
11/05/16 11:50,6370,6380
11/05/16 9:17,6370,6390
10/05/16 21:05,6370,6390
10/05/16 18:54,6370,6390
10/05/16 15:45,6370,6390
10/05/16 12:27,6380,6400
10/05/16 9:07,6390,6410
09/05/16 21:04,6390,6410
09/05/16 18:25,6390,6410
09/05/16 15:45,6380,6410
09/05/16 12:33,6380,6410
09/05/16 9:12,6380,6400
08/05/16 20:48,6380,6400
08/05/16 18:06,6380,6400
08/05/16 15:01,6380,6400
08/05/16 12:21,6380,6400
08/05/16 9:05,6390,6400
07/05/16 21:14,6380,6400
07/05/16 17:53,6370,6390
07/05/16 15:10,6370,6390
07/05/16 11:41,6370,6390
07/05/16 9:03,6370,6390
06/05/16 20:53,6370,6390
06/05/16 18:00,6370,6390
06/05/16 15:33,6370,6390
06/05/16 12:07,6370,6390
06/05/16 9:19,6380,6400
05/05/16 19:22,6390,6400
05/05/16 17:19,6390,6400
05/05/16 13:29,6390,6400
05/05/16 9:10,6390,6400
04/05/16 21:18,6390,6410
04/05/16 18:44,6390,6410
04/05/16 18:40,6390,6410
04/05/16 13:57,6380,6410
04/05/16 9:21,6380,6420
03/05/16 20:59,6380,6420
03/05/16 18:14,6380,6420
03/05/16 15:50,6380,6420
03/05/16 13:01,6380,6420
03/05/16 9:10,6400,6430
02/05/16 20:49,6400,6430
02/05/16 18:24,6380,6420
02/05/16 15:46,6380,6420
02/05/16 11:58,6420,6460
02/05/16 9:15,6420,6460
01/05/16 21:12,6420,6450
01/05/16 19:16,6400,6450
01/05/16 17:30,6400,6440
01/05/16 14:25,6390,6420
01/05/16 11:20,6350,6400
01/05/16 9:12,6350,6400
30/04/16 21:40,6350,6400
30/04/16 19:46,6350,6400
30/04/16 16:30,6330,6370
30/04/16 14:27,6330,6370
30/04/16 11:42,6350,6390
30/04/16 8:56,6350,6400
29/04/16 20:38,6410,6430
29/04/16 17:32,6420,6440
29/04/16 15:29,6430,6450
29/04/16 12:19,6440,6450
29/04/16 9:15,6440,6460
28/04/16 21:20,6450,6460
28/04/16 18:57,6450,6460
28/04/16 15:26,6450,6470
28/04/16 12:14,6450,6470
28/04/16 8:58,6450,6470
27/04/16 20:38,6450,6460
27/04/16 17:11,6450,6480
27/04/16 15:05,6460,6470
27/04/16 12:02,6460,6480
27/04/16 9:05,6460,6480
26/04/16 21:05,6470,6480
26/04/16 18:22,6470,6480
26/04/16 14:50,6470,6490
26/04/16 12:01,6470,6490
26/04/16 8:42,6480,6490
25/04/16 21:02,6480,6490
25/04/16 18:16,6480,6500
25/04/16 15:22,6480,6500
25/04/16 12:09,6480,6500
25/04/16 9:18,6470,6500
24/04/16 20:53,6470,6500
24/04/16 18:42,6470,6500
24/04/16 14:56,6470,6500
24/04/16 12:15,6470,6490
24/04/16 9:11,6470,6490
23/04/16 21:18,6470,6490
23/04/16 18:09,6470,6490
23/04/16 15:24,6470,6480
23/04/16 11:56,6470,6490
23/04/16 9:00,6470,6480
22/04/16 20:13,6460,6480
22/04/16 16:20,6460,6480
22/04/16 12:36,6460,6470
22/04/16 9:13,6460,6470
21/04/16 21:04,6460,6470
21/04/16 18:33,6460,6470
21/04/16 15:45,6470,6480
21/04/16 12:41,6470,6490
21/04/16 9:05,6480,6490
20/04/16 20:50,6470,6490
20/04/16 18:40,6460,6480
20/04/16 15:13,6460,6490
20/04/16 12:26,6450,6470
20/04/16 9:05,6450,6470
19/04/16 20:47,6460,6480
19/04/16 18:08,6460,6480
19/04/16 15:33,6460,6480
19/04/16 11:52,6470,6490
19/04/16 9:04,6470,6490
18/04/16 20:53,6470,6490
18/04/16 18:06,6470,6490
18/04/16 15:06,6470,6490
18/04/16 12:18,6460,6480
18/04/16 9:04,6460,6480
17/04/16 20:57,6450,6480
17/04/16 18:34,6450,6480
17/04/16 15:24,6450,6470
17/04/16 12:01,6450,6465
17/04/16 9:08,6450,6465
16/04/16 19:43,6450,6460
16/04/16 16:20,6450,6460
16/04/16 14:23,6450,6460
16/04/16 9:02,6450,6460
15/04/16 21:23,6450,6460
15/04/16 18:46,6440,6460
15/04/16 15:35,6450,6460
15/04/16 12:23,6450,6460
15/04/16 9:03,6440,6460
14/04/16 21:04,6440,6460
14/04/16 18:26,6440,6460
14/04/16 16:05,6440,6460
14/04/16 11:39,6440,6460
14/04/16 9:10,6440,6460
13/04/16 21:00,6440,6460
13/04/16 18:18,6440,6460
13/04/16 15:13,6450,6460
13/04/16 11:55,6460,6470
13/04/16 9:05,6460,6470
12/04/16 20:50,6460,6470
12/04/16 18:11,6460,6480
12/04/16 15:40,6460,6480
12/04/16 12:28,6470,6490
12/04/16 9:07,6470,6490
11/04/16 20:51,6460,6480
11/04/16 18:21,6460,6480
11/04/16 14:54,6460,6480
11/04/16 12:20,6460,6480
11/04/16 9:08,6450,6480
10/04/16 21:03,6450,6470
10/04/16 18:18,6450,6470
10/04/16 14:58,6450,6470
10/04/16 12:07,6450,6470
10/04/16 9:08,6450,6460
09/04/16 20:55,6450,6460
09/04/16 17:52,6450,6460
09/04/16 15:10,6450,6460
09/04/16 11:28,6450,6460
09/04/16 9:10,6450,6470
08/04/16 20:55,6450,6470
08/04/16 18:01,6450,6470
08/04/16 15:10,6450,6470
08/04/16 13:12,6450,6470
08/04/16 9:05,6450,6470
07/04/16 20:24,6450,6470
07/04/16 15:23,6460,6480
07/04/16 12:10,6460,6480
07/04/16 9:09,6460,6490
06/04/16 20:52,6450,6480
06/04/16 18:33,6450,6470
06/04/16 15:45,6450,6470
06/04/16 12:45,6450,6470
06/04/16 9:08,6440,6460
05/04/16 21:02,6440,6470
05/04/16 18:27,6440,6470
05/04/16 15:49,6450,6470
05/04/16 12:54,6460,6480
05/04/16 9:08,6460,6480
04/04/16 19:33,6450,6480
04/04/16 15:26,6450,6470
04/04/16 11:58,6440,6470
04/04/16 9:06,6430,6460
03/04/16 21:24,6430,6460
03/04/16 19:22,6430,6460
03/04/16 15:28,6420,6450
03/04/16 12:11,6420,6450
03/04/16 9:07,6420,6450
02/04/16 21:02,6420,6440
02/04/16 18:23,6420,6440
02/04/16 15:52,6420,6440
02/04/16 12:45,6420,6440
02/04/16 9:11,6420,6440
01/04/16 21:06,6410,6440
01/04/16 17:46,6400,6420
01/04/16 15:15,6400,6420
01/04/16 11:55,6400,6420
01/04/16 9:07,6390,6410
31/03/16 20:55,6390,6410
31/03/16 17:58,6390,6410
31/03/16 14:56,6410,6430
31/03/16 12:32,6410,6430
31/03/16 9:09,6410,6430
30/03/16 20:47,6410,6430
30/03/16 17:31,6400,6430
30/03/16 15:06,6400,6420
30/03/16 12:02,6390,6410
30/03/16 9:11,6380,6400
29/03/16 20:51,6370,6400
29/03/16 18:49,6370,6400
29/03/16 16:38,6390,6410
29/03/16 13:51,6400,6430
29/03/16 10:48,6420,6440
29/03/16 9:04,6420,6440
28/03/16 20:51,6420,6440
28/03/16 17:41,6400,6440
28/03/16 14:23,6350,6400
28/03/16 12:06,6350,6400
28/03/16 9:08,6340,6400
27/03/16 21:09,6340,6400
27/03/16 17:59,6330,6370
27/03/16 16:07,6330,6370
27/03/16 13:47,6320,6360
27/03/16 11:36,6320,6360
27/03/16 8:51,6320,6360
26/03/16 21:22,6320,6360
26/03/16 19:11,6320,6360
26/03/16 17:33,6320,6360
26/03/16 14:32,6350,6430
26/03/16 12:28,6400,6500
26/03/16 11:00,6400,6500
26/03/16 8:44,6350,6450
25/03/16 21:28,6250,6400
25/03/16 19:41,6200,6300
25/03/16 18:04,6150,6200
25/03/16 16:55,6150,6200
25/03/16 15:26,6200,6250
25/03/16 13:18,6250,6300
25/03/16 11:17,6300,6350
25/03/16 9:05,6350,6380
24/03/16 20:53,6370,6400
24/03/16 18:18,6370,6400
24/03/16 14:53,6400,6420
24/03/16 12:10,6420,6440
24/03/16 9:03,6430,6450
23/03/16 21:00,6440,6460
23/03/16 19:04,6450,6470
23/03/16 17:12,6450,6470
23/03/16 14:56,6450,6470
23/03/16 11:59,6470,6500
23/03/16 9:03,6470,6500
22/03/16 21:03,6480,6500
22/03/16 18:07,6500,6520
22/03/16 15:51,6500,6520
22/03/16 12:01,6510,6530
22/03/16 9:08,6520,6540
21/03/16 21:01,6520,6540
21/03/16 18:08,6530,6560
21/03/16 14:56,6520,6550
21/03/16 11:58,6510,6540
21/03/16 9:02,6500,6530
20/03/16 21:06,6500,6530
20/03/16 17:58,6500,6520
20/03/16 15:34,6500,6520
20/03/16 12:10,6500,6520
20/03/16 9:17,6500,6520
19/03/16 21:04,6500,6520
19/03/16 18:31,6500,6520
19/03/16 15:09,6500,6520
19/03/16 12:00,6510,6530
19/03/16 9:10,6520,6550
18/03/16 21:05,6520,6550
18/03/16 17:50,6520,6550
18/03/16 15:30,6530,6560
18/03/16 12:16,6550,6570
18/03/16 9:46,6560,6570
17/03/16 21:16,6560,6580
17/03/16 18:41,6560,6580
17/03/16 15:06,6570,6580
17/03/16 12:22,6570,6580
17/03/16 9:10,6560,6580
16/03/16 20:42,6560,6580
16/03/16 18:07,6560,6580
16/03/16 14:48,6560,6580
16/03/16 11:47,6560,6580
16/03/16 9:04,6560,6580
15/03/16 20:47,6560,6580
15/03/16 18:11,6570,6590
15/03/16 15:05,6580,6600
15/03/16 11:58,6580,6600
15/03/16 8:32,6580,6600
14/03/16 20:55,6570,6600
14/03/16 18:28,6550,6580
14/03/16 14:52,6550,6580
14/03/16 12:00,6550,6580
14/03/16 9:05,6540,6570
13/03/16 21:01,6540,6570
13/03/16 18:10,6540,6570
13/03/16 15:15,6540,6560
13/03/16 12:17,6530,6560
13/03/16 9:06,6530,6560
12/03/16 20:49,6530,6560
12/03/16 18:04,6530,6550
12/03/16 15:14,6520,6540
12/03/16 12:11,6520,6550
12/03/16 9:04,6520,6550
11/03/16 21:06,6540,6550
11/03/16 17:59,6540,6560
11/03/16 15:09,6540,6550
11/03/16 12:38,6540,6550
11/03/16 9:16,6540,6560
10/03/16 21:08,6540,6560
10/03/16 17:31,6540,6560
10/03/16 15:18,6530,6550
10/03/16 12:13,6530,6550
10/03/16 9:18,6530,6550
09/03/16 21:23,6520,6550
09/03/16 19:37,6520,6550
09/03/16 16:48,6520,6540
09/03/16 13:42,6520,6540
09/03/16 10:51,6530,6550
09/03/16 9:03,6540,6550
08/03/16 21:22,6540,6560
08/03/16 20:37,6550,6560
08/03/16 18:14,6570,6580
08/03/16 15:12,6560,6580
08/03/16 12:31,6550,6570
08/03/16 8:59,6540,6570
07/03/16 21:19,6540,6570
07/03/16 19:17,6540,6570
07/03/16 17:12,6540,6570
07/03/16 14:50,6520,6550
07/03/16 11:55,6510,6540
07/03/16 8:51,6510,6530
06/03/16 20:53,6510,6530
06/03/16 17:40,6500,6530
06/03/16 15:01,6500,6530
06/03/16 12:34,6500,6530
06/03/16 9:08,6510,6530
05/03/16 20:27,6510,6530
05/03/16 17:57,6520,6540
05/03/16 15:05,6520,6540
05/03/16 12:06,6530,6550
05/03/16 9:11,6540,6560
04/03/16 20:01,6550,6560
04/03/16 16:54,6550,6560
04/03/16 12:24,6540,6560
04/03/16 9:05,6540,6560
03/03/16 21:02,6540,6560
03/03/16 18:05,6540,6560
03/03/16 15:22,6540,6560
03/03/16 11:57,6540,6570
03/03/16 9:05,6540,6570
02/03/16 21:22,6540,6570
02/03/16 18:19,6540,6560
02/03/16 15:04,6540,6560
02/03/16 11:57,6540,6560
02/03/16 9:19,6540,6570
01/03/16 21:19,6540,6570
01/03/16 16:19,6540,6570
01/03/16 13:21,6540,6570
01/03/16 11:15,6540,6570
01/03/16 9:09,6540,6570
29/02/16 20:48,6500,6550
29/02/16 18:04,6500,6540
29/02/16 15:44,6500,6540
29/02/16 13:28,6500,6540
29/02/16 11:15,6500,6540
29/02/16 8:55,6480,6540
28/02/16 21:49,6480,6540
28/02/16 19:27,6480,6540
28/02/16 17:12,6480,6540
28/02/16 15:41,6480,6530
28/02/16 13:18,6500,6560
28/02/16 11:30,6520,6560
28/02/16 9:00,6500,6560
27/02/16 21:21,6530,6600
27/02/16 19:24,6530,6600
27/02/16 17:09,6500,6550
27/02/16 14:59,6450,6550
27/02/16 13:03,6400,6500
27/02/16 11:00,6400,6450
27/02/16 9:18,6400,6500
26/02/16 21:10,6480,6530
26/02/16 19:44,6500,6550
26/02/16 17:58,6500,6600
26/02/16 15:24,6570,6620
26/02/16 12:42,6600,6640
26/02/16 10:13,6600,6640
25/02/16 21:13,6600,6640
25/02/16 18:58,6600,6640
25/02/16 16:46,6570,6630
25/02/16 14:16,6550,6600
25/02/16 12:07,6500,6600
25/02/16 9:27,6460,6500
24/02/16 21:05,6450,6480
24/02/16 17:49,6430,6460
24/02/16 14:51,6430,6450
24/02/16 12:41,6410,6450
24/02/16 9:04,6410,6450
23/02/16 20:51,6400,6430
23/02/16 19:03,6400,6430
23/02/16 16:58,6400,6430
23/02/16 13:50,6400,6430
23/02/16 11:17,6390,6420
23/02/16 9:01,6380,6400
22/02/16 20:52,6370,6400
22/02/16 17:46,6360,6390
22/02/16 15:12,6330,6360
22/02/16 12:01,6320,6350
22/02/16 9:25,6310,6330
21/02/16 20:40,6300,6330
21/02/16 17:42,6300,6330
21/02/16 14:54,6290,6320
21/02/16 12:16,6280,6310
21/02/16 8:58,6280,6300
20/02/16 20:51,6280,6300
20/02/16 18:04,6280,6300
20/02/16 14:53,6290,6320
20/02/16 12:32,6280,6320
20/02/16 9:13,6270,6290
19/02/16 20:18,6270,6280
19/02/16 17:11,6260,6280
19/02/16 14:20,6260,6270
19/02/16 11:51,6260,6280
19/02/16 9:08,6260,6270
18/02/16 20:00,6260,6270
18/02/16 16:55,6260,6280
18/02/16 14:20,6260,6280
18/02/16 12:01,6260,6280
18/02/16 9:09,6260,6280
17/02/16 21:00,6250,6270
17/02/16 17:58,6250,6270
17/02/16 15:03,6250,6260
17/02/16 11:37,6240,6250
17/02/16 9:13,6240,6260
16/02/16 21:01,6240,6260
16/02/16 19:05,6240,6260
16/02/16 16:58,6240,6260
16/02/16 14:09,6240,6250
16/02/16 12:16,6230,6250
16/02/16 9:12,6230,6250
15/02/16 21:01,6230,6250
15/02/16 18:09,6220,6235
15/02/16 14:57,6220,6240
15/02/16 12:01,6210,6230
15/02/16 9:08,6210,6230
14/02/16 21:30,6210,6230
14/02/16 19:21,6210,6230
14/02/16 15:45,6210,6230
14/02/16 12:23,6210,6230
14/02/16 9:22,6210,6230
13/02/16 21:12,6210,6230
13/02/16 18:14,6200,6230
13/02/16 15:27,6210,6230
13/02/16 11:52,6200,6230
13/02/16 9:18,6200,6220
12/02/16 20:51,6200,6220
12/02/16 17:50,6200,6220
12/02/16 15:07,6210,6220
12/02/16 12:18,6200,6230
12/02/16 9:06,6200,6230
11/02/16 21:00,6210,6230
11/02/16 18:24,6220,6240
11/02/16 15:20,6220,6240
11/02/16 11:57,6220,6240
11/02/16 9:11,6220,6240
10/02/16 20:56,6220,6240
10/02/16 17:37,6220,6240
10/02/16 15:22,6200,6230
10/02/16 11:51,6200,6220
10/02/16 9:18,6190,6220
09/02/16 20:55,6190,6220
09/02/16 18:01,6190,6210
09/02/16 15:20,6180,6200
09/02/16 12:36,6180,6200
09/02/16 9:04,6170,6190
08/02/16 21:09,6160,6180
08/02/16 17:45,6160,6180
08/02/16 15:07,6160,6180
08/02/16 11:53,6160,6180
08/02/16 9:04,6150,6170
07/02/16 20:26,6150,6170
07/02/16 16:05,6150,6160
07/02/16 11:54,6145,6160
07/02/16 9:11,6145,6160
06/02/16 19:27,6145,6155
06/02/16 15:31,6145,6155
06/02/16 12:26,6145,6155
06/02/16 9:15,6145,6155
05/02/16 20:53,6145,6155
05/02/16 17:55,6145,6155
05/02/16 15:29,6145,6155
05/02/16 12:10,6145,6155
05/02/16 9:05,6150,6160
04/02/16 21:01,6150,6160
04/02/16 17:57,6150,6160
04/02/16 15:07,6150,6160
04/02/16 12:00,6155,6165
04/02/16 9:23,6150,6160
03/02/16 20:54,6150,6160
03/02/16 17:49,6150,6160
03/02/16 15:13,6150,6160
03/02/16 11:50,6150,6160
03/02/16 9:08,6150,6160
02/02/16 21:01,6150,6160
02/02/16 17:52,6150,6160
02/02/16 14:58,6150,6160
02/02/16 12:02,6150,6160
02/02/16 9:10,6140,6160
01/02/16 21:00,6130,6150
01/02/16 18:06,6130,6150
01/02/16 15:01,6130,6150
01/02/16 11:52,6130,6150
01/02/16 9:08,6120,6150
31/01/16 21:03,6110,6140
31/01/16 17:26,6110,6150
31/01/16 14:34,6110,6140
31/01/16 12:33,6120,6150
31/01/16 9:18,6130,6150
30/01/16 21:01,6130,6150
30/01/16 17:57,6140,6150
30/01/16 14:44,6140,6155
30/01/16 11:56,6145,6155
30/01/16 9:19,6145,6155
29/01/16 20:54,6150,6160
29/01/16 17:27,6150,6160
29/01/16 15:05,6150,6170
29/01/16 11:56,6160,6170
29/01/16 9:15,6160,6170
28/01/16 20:49,6160,6175
28/01/16 17:37,6160,6180
28/01/16 14:47,6170,6180
28/01/16 11:30,6170,6190
28/01/16 9:09,6170,6190
27/01/16 20:42,6170,6190
27/01/16 18:09,6160,6180
27/01/16 14:46,6160,6180
27/01/16 11:59,6170,6180
27/01/16 9:27,6150,6190
26/01/16 20:39,6170,6200
26/01/16 17:51,6170,6200
26/01/16 15:00,6170,6200
26/01/16 12:11,6160,6190
26/01/16 9:20,6150,6180
25/01/16 20:38,6150,6170
25/01/16 17:14,6130,6160
25/01/16 14:34,6130,6160
25/01/16 11:46,6140,6160
25/01/16 9:03,6140,6170
24/01/16 20:19,6140,6170
24/01/16 16:52,6130,6160
24/01/16 14:03,6120,6150
24/01/16 11:37,6110,6140
24/01/16 9:07,6110,6140
23/01/16 21:20,6100,6130
23/01/16 19:14,6120,6130
23/01/16 17:13,6120,6140
23/01/16 14:45,6130,6150
23/01/16 11:09,6130,6150
23/01/16 9:09,6140,6160
22/01/16 20:54,6170,6180
22/01/16 19:19,6170,6180
22/01/16 16:32,6180,6200
22/01/16 13:48,6200,6220
22/01/16 12:06,6200,6230
21/01/16 20:55,6170,6220
20/01/16 16:00,6080,6120
19/01/16 21:00,6080,6100
19/01/16 14:30,6070,6090
19/01/16 9:00,6070,6090
18/01/16 21:07,6070,6090
18/01/16 16:39,6060,6090
18/01/16 14:23,6050,6090
18/01/16 11:28,6050,6080
18/01/16 8:53,6050,6090
17/01/16 20:55,6050,6090
17/01/16 18:42,6050,6090
17/01/16 16:34,6050,6100
17/01/16 14:04,6050,6100
17/01/16 11:04,6050,6100
17/01/16 9:06,6050,6100
16/01/16 20:36,6040,6100
16/01/16 17:34,6030,6070
16/01/16 14:55,6020,6060
16/01/16 11:51,6020,6060
16/01/16 9:09,6020,6060
15/01/16 21:04,6030,6060
15/01/16 18:49,6030,6060
15/01/16 16:20,6030,6060
15/01/16 13:23,6030,6070
15/01/16 11:43,6030,6070
15/01/16 9:05,6030,6070
14/01/16 21:24,6030,6070
14/01/16 13:49,6020,6070
14/01/16 11:33,6000,6040
14/01/16 9:05,6000,6050
13/01/16 20:11,5980,6040
13/01/16 16:44,6000,6050
13/01/16 14:19,6020,6070
13/01/16 11:32,6030,6080
13/01/16 9:02,6030,6080
12/01/16 21:14,6030,6080
12/01/16 19:06,6030,6080
12/01/16 17:32,6050,6100
12/01/16 15:14,6070,6130
12/01/16 13:11,6050,6100
12/01/16 11:33,6030,6100
12/01/16 9:08,6020,6100
11/01/16 21:17,6000,6100
11/01/16 19:09,6000,6050
11/01/16 17:08,6000,6050
11/01/16 15:11,6000,6050
11/01/16 13:01,5980,6030
11/01/16 11:12,5950,6000
11/01/16 9:11,5950,6020
10/01/16 21:03,5970,6030
10/01/16 19:16,5970,6030
10/01/16 17:18,6000,6050
10/01/16 14:43,6000,6050
10/01/16 12:07,5950,6050
10/01/16 11:49,5950,6000
10/01/16 9:07,5950,6000
09/01/16 21:27,5930,6000
09/01/16 19:05,5930,6000
09/01/16 16:30,5900,5970
09/01/16 14:25,5900,5950
09/01/16 11:05,5850,5950
09/01/16 9:10,5850,5950
08/01/16 20:42,5900,5950
08/01/16 17:58,5900,5950
08/01/16 15:40,5950,6000
08/01/16 13:15,5950,6000
08/01/16 11:10,5950,6050
08/01/16 9:00,5950,6050
07/01/16 21:00,5950,6050
07/01/16 19:05,5950,6050
07/01/16 16:50,5930,6050
07/01/16 15:15,5930,6050
07/01/16 13:00,5900,6000
07/01/16 11:00,5880,6000
07/01/16 9:10,5850,5900
06/01/16 21:00,5820,5900
06/01/16 19:20,5820,5900
06/01/16 17:00,5800,5900
06/01/16 15:00,5770,5850
06/01/16 12:43,5750,5800
06/01/16 11:07,5750,5850
06/01/16 9:05,5750,5850
05/01/16 20:42,5750,5850
05/01/16 17:48,5800,5850
05/01/16 15:25,5800,5900
05/01/16 13:22,5800,5900
05/01/16 11:02,5800,5900
05/01/16 8:56,5800,5900
04/01/16 20:52,5800,5950
04/01/16 17:00,5800,6000
04/01/16 14:45,5800,6000
04/01/16 12:20,5700,5900
04/01/16 10:47,5680,5800
04/01/16 9:06,5670,5750
03/01/16 20:41,5650,5750
03/01/16 19:00,5650,5700
03/01/16 17:00,5650,5700
03/01/16 14:25,5620,5660
03/01/16 11:20,5600,5650
03/01/16 9:00,5600,5650
02/01/16 20:47,5620,5650
02/01/16 17:28,5630,5680
02/01/16 14:35,5650,5700
02/01/16 12:20,5650,5700
02/01/16 10:40,5700,5750
02/01/16 9:08,5700,5750
01/01/16 20:43,5700,5750
01/01/16 18:05,5700,5750
01/01/16 15:28,5750,5800
01/01/16 12:30,5700,5800
01/01/16 9:25,5700,5850
31/12/15 20:48,5700,5900
31/12/15 17:42,5800,6000
31/12/15 16:07,5750,6000
31/12/15 14:17,5750,6000
31/12/15 12:55,5650,5850
31/12/15 10:25,5600,5700
31/12/15 8:40,5600,5700
30/12/15 21:55,5550,5650
30/12/15 20:55,5550,5650
30/12/15 19:13,5500,5550
30/12/15 15:55,5500,5530
30/12/15 13:30,5500,5550
30/12/15 10:56,5500,5550
30/12/15 9:00,5500,5550
29/12/15 21:00,5480,5530
29/12/15 19:00,5500,5550
29/12/15 17:00,5500,5550
29/12/15 14:52,5500,5550
29/12/15 13:00,5500,5550
29/12/15 11:10,5500,5550
29/12/15 9:00,5500,5550
28/12/15 21:05,5500,5550
28/12/15 19:35,5500,5550
28/12/15 17:50,5500,5550
28/12/15 16:08,5450,5550
28/12/15 14:00,5420,5500
28/12/15 12:28,5420,5500
28/12/15 11:15,5400,5500
28/12/15 9:38,5400,5500
28/12/15 8:30,5400,5500
27/12/15 21:05,5400,5500
27/12/15 19:00,5400,5450
27/12/15 17:28,5400,5450
27/12/15 15:40,5400,5450
27/12/15 13:10,5380,5430
27/12/15 11:07,5370,5420
27/12/15 9:00,5350,5420
26/12/15 21:00,5370,5420
26/12/15 19:05,5370,5420
26/12/15 16:58,5370,5420
26/12/15 15:30,5360,5420
26/12/15 13:05,5350,5400
26/12/15 11:12,5350,5400
26/12/15 8:55,5380,5430
25/12/15 20:35,5400,5430
25/12/15 18:00,5400,5450
25/12/15 15:00,5400,5450
25/12/15 12:30,5400,5450
25/12/15 10:46,5400,5450
25/12/15 9:00,5400,5450
24/12/15 20:55,5420,5460
24/12/15 18:55,5430,5480
24/12/15 17:10,5450,5500
24/12/15 15:55,5420,5500
24/12/15 13:40,5400,5450
24/12/15 11:19,5400,5450
24/12/15 9:00,5400,5450
23/12/15 21:10,5400,5450
23/12/15 18:10,5400,5480
23/12/15 16:40,5400,5480
23/12/15 14:55,5400,5480
23/12/15 13:30,5400,5480
23/12/15 12:25,5400,5490
23/12/15 10:12,5450,5500
23/12/15 8:55,5450,5500
22/12/15 20:40,5480,5530
22/12/15 18:12,5500,5550
22/12/15 16:15,5500,5550
22/12/15 15:00,5470,5530
22/12/15 12:30,5450,5500
22/12/15 10:15,5450,5500
22/12/15 8:55,5450,5500
21/12/15 21:10,5430,5470
21/12/15 19:00,5430,5470
21/12/15 16:20,5400,5450
21/12/15 14:00,5400,5450
21/12/15 12:30,5380,5450
21/12/15 10:05,5380,5450
21/12/15 8:50,5400,5450
20/12/15 20:45,5380,5430
20/12/15 17:47,5380,5430
20/12/15 15:42,5380,5450
20/12/15 13:02,5370,5420
20/12/15 10:40,5370,5420
20/12/15 9:10,5320,5420
19/12/15 21:15,5370,5400
19/12/15 19:17,5370,5400
19/12/15 17:00,5370,5400
19/12/15 15:20,5380,5420
19/12/15 13:20,5370,5420
19/12/15 11:56,5350,5400
19/12/15 10:03,5350,5400
19/12/15 8:50,5350,5400
18/12/15 21:20,5350,5400
18/12/15 18:55,5350,5400
18/12/15 17:00,5350,5450
18/12/15 15:10,5300,5400
18/12/15 13:54,5300,5400
18/12/15 12:22,5300,5400
18/12/15 11:05,5250,5350
18/12/15 8:55,5300,5350
17/12/15 20:58,5320,5370
17/12/15 18:30,5350,5430
17/12/15 15:20,5400,5450
17/12/15 11:20,5400,5500
17/12/15 9:04,5450,5550
16/12/15 20:45,5450,5550
16/12/15 18:20,5500,5600
16/12/15 16:10,5450,5600
16/12/15 14:25,5400,5500
16/12/15 10:40,5350,5450
16/12/15 9:00,5350,5450
15/12/15 20:45,5300,5350
15/12/15 18:22,5280,5350
15/12/15 16:05,5270,5330
15/12/15 13:20,5250,5300
15/12/15 11:20,5250,5300
15/12/15 9:00,5250,5300
14/12/15 20:42,5250,5350
14/12/15 18:30,5230,5300
14/12/15 16:45,5230,5300
14/12/15 15:05,5220,5300
14/12/15 13:25,5220,5300
14/12/15 12:20,5200,5250
14/12/15 11:00,5150,5250
14/12/15 9:20,5220,5300
13/12/15 21:10,5250,5350
12/12/15 16:00,5250,5350
11/12/15 11:05,5400,5450
10/12/15 21:00,5450,5500
09/12/15 15:00,5570,5600
08/12/15 14:00,5570,5600
07/12/15 16:00,5570,5620
06/12/15 14:30,5570,5620
05/12/15 15:00,5600,5650
04/12/15 16:00,5550,5600
03/12/15 18:00,5750,5820
02/12/15 20:00,5600,5700
01/12/15 20:00,5750,5800
30/11/15 18:00,5770,5820
29/11/15 18:00,5770,5850
29/11/15 12:00,5750,5830
28/11/15 18:00,5800,5900
28/11/15 13:30,5800,5900
27/11/15 11:00,5700,5800
26/11/15 17:00,5800,5900
26/11/15 11:40,5800,5900
25/11/15 20:00,5800,6000
25/11/15 10:32,5600,5800
25/11/15 8:50,5600,5900
24/11/15 21:02,5700,6000
24/11/15 19:30,5700,6000
24/11/15 17:23,5700,6000
24/11/15 16:01,5600,5900
24/11/15 14:53,5400,5800
24/11/15 13:10,5200,5300
24/11/15 11:05,5350,5450
24/11/15 8:52,5400,5550
23/11/15 21:07,5500,5600
23/11/15 20:10,5550,5600
23/11/15 18:40,5600,5650
23/11/15 17:20,5650,5700
23/11/15 15:50,5650,5750
23/11/15 14:01,5700,5800
23/11/15 12:30,5700,5800
23/11/15 11:07,5750,5850
23/11/15 10:05,5750,5850
23/11/15 9:05,5750,5850
22/11/15 20:48,5800,5850
22/11/15 19:05,5800,5870
22/11/15 17:05,5800,5870
22/11/15 15:12,5800,5870
22/11/15 12:47,5900,5950
22/11/15 10:20,5930,5960
22/11/15 8:47,5940,5970
21/11/15 20:47,5940,5970
21/11/15 17:38,5970,6000
21/11/15 15:07,5980,6000
21/11/15 13:02,5980,6000
21/11/15 11:02,5970,6020
21/11/15 9:04,6000,6040
20/11/15 21:15,6000,6040
20/11/15 20:05,6000,6040
20/11/15 18:00,6020,6050
20/11/15 15:43,6040,6060
20/11/15 13:18,6050,6070
20/11/15 11:32,6050,6080
20/11/15 8:45,6080,6100
19/11/15 21:05,6080,6100
19/11/15 18:40,6080,6100
19/11/15 16:25,6080,6100
19/11/15 13:30,6080,6100
19/11/15 11:15,6080,6100
19/11/15 9:00,6080,6120
18/11/15 20:38,6080,6120
18/11/15 18:27,6080,6120
18/11/15 17:06,6080,6120
18/11/15 15:13,6080,6120
18/11/15 12:33,6080,6100
18/11/15 11:00,6080,6120
18/11/15 9:00,6080,6120
17/11/15 21:12,6080,6120
17/11/15 19:15,6100,6130
17/11/15 17:10,6100,6150
17/11/15 14:45,6100,6130
17/11/15 12:30,6050,6120
17/11/15 11:00,6050,6100
17/11/15 9:05,6050,6100
16/11/15 20:33,6080,6120
16/11/15 17:55,6100,6150
16/11/15 16:11,6100,6150
16/11/15 15:04,6100,6170
16/11/15 13:01,6150,6200
16/11/15 11:31,6150,6200
16/11/15 10:13,6100,6200
16/11/15 8:52,6100,6200
15/11/15 20:34,6100,6200
15/11/15 17:54,6100,6200
15/11/15 15:50,6050,6150
15/11/15 13:22,6020,6100
15/11/15 11:20,6000,6060
15/11/15 9:15,6000,6100
14/11/15 21:19,6050,6150
14/11/15 18:21,6050,6150
14/11/15 16:13,6050,6150
14/11/15 13:45,6150,6200
14/11/15 10:58,6150,6200
14/11/15 9:00,6170,6220
13/11/15 21:22,6170,6220
13/11/15 20:05,6170,6220
13/11/15 18:12,6150,6220
13/11/15 16:08,6130,6200
13/11/15 13:53,6120,6200
13/11/15 11:47,6100,6180
13/11/15 9:05,6050,6100
12/11/15 20:57,6040,6100
12/11/15 18:25,6030,6080
12/11/15 16:45,6030,6060
12/11/15 14:30,6020,6050
12/11/15 11:35,6000,6030
12/11/15 9:05,6000,6030
11/11/15 20:32,6000,6030
11/11/15 18:20,6000,6030
11/11/15 15:50,5980,6030
11/11/15 13:10,5950,6000
11/11/15 11:16,5950,6000
11/11/15 9:13,5940,5970
10/11/15 20:50,5920,5960
10/11/15 19:20,5920,5960
10/11/15 18:20,5920,5960
10/11/15 16:00,5910,5940
10/11/15 13:50,5900,5930
10/11/15 11:07,5890,5920
10/11/15 9:10,5890,5920
09/11/15 20:30,5880,5920
09/11/15 17:58,5880,5920
09/11/15 15:28,5870,5900
09/11/15 13:05,5850,5900
09/11/15 11:10,5850,5900
09/11/15 9:15,5830,5880
08/11/15 21:00,5830,5880
08/11/15 18:26,5830,5880
08/11/15 16:28,5820,5860
08/11/15 13:30,5820,5860
08/11/15 11:19,5820,5860
08/11/15 9:16,5820,5860
07/11/15 20:45,5820,5860
07/11/15 17:53,5840,5860
07/11/15 14:48,5820,5860
07/11/15 12:13,5800,5850
07/11/15 9:17,5800,5860
06/11/15 21:35,5820,5860
06/11/15 19:15,5880,5900
06/11/15 17:22,5850,5900
06/11/15 15:36,5850,5900
06/11/15 13:40,5800,5850
06/11/15 11:24,5790,5820
06/11/15 9:10,5780,5800
05/11/15 20:42,5770,5800
05/11/15 18:17,5770,5800
05/11/15 16:00,5750,5800
05/11/15 13:30,5750,5780
05/11/15 11:03,5720,5760
05/11/15 9:10,5720,5760
04/11/15 20:33,5750,5770
04/11/15 18:10,5760,5780
04/11/15 15:32,5760,5790
04/11/15 13:33,5770,5790
04/11/15 11:22,5770,5800
04/11/15 9:10,5770,5800
03/11/15 20:45,5790,5830
03/11/15 18:25,5790,5830
03/11/15 15:50,5790,5830
03/11/15 13:05,5760,5800
03/11/15 11:22,5760,5800
03/11/15 9:05,5760,5800
02/11/15 20:25,5750,5800
02/11/15 17:55,5750,5770
02/11/15 15:45,5740,5770
02/11/15 13:48,5730,5760
02/11/15 11:10,5720,5750
02/11/15 9:10,5720,5750
01/11/15 20:45,5700,5730
01/11/15 17:50,5700,5730
01/11/15 14:43,5700,5730
01/11/15 12:20,5700,5730
01/11/15 9:20,5700,5720
31/10/15 20:30,5700,5720
31/10/15 17:45,5700,5720
31/10/15 15:00,5700,5720
31/10/15 12:00,5700,5720
31/10/15 9:15,5700,5720
30/10/15 20:35,5700,5720
30/10/15 17:00,5700,5720
30/10/15 14:00,5700,5720
30/10/15 11:30,5700,5720
30/10/15 9:00,5700,5720
29/10/15 20:38,5700,5720
29/10/15 18:37,5700,5730
29/10/15 16:30,5680,5730
29/10/15 14:30,5700,5730
29/10/15 11:24,5680,5720
29/10/15 9:35,5680,5720
28/10/15 20:48,5700,5730
28/10/15 18:25,5680,5720
28/10/15 16:26,5720,5750
28/10/15 14:06,5700,5750
28/10/15 11:10,5680,5730
28/10/15 9:00,5680,5730
27/10/15 20:50,5680,5730
27/10/15 19:04,5700,5750
27/10/15 17:10,5700,5800
27/10/15 15:25,5700,5800
27/10/15 13:15,5650,5700
27/10/15 11:04,5650,5700
27/10/15 8:55,5630,5660
26/10/15 21:00,5630,5660
26/10/15 18:19,5630,5660
26/10/15 16:10,5600,5650
26/10/15 13:20,5570,5620
26/10/15 11:05,5570,5630
26/10/15 8:53,5570,5620
25/10/15 20:44,5600,5650
25/10/15 18:16,5600,5650
25/10/15 15:44,5600,5650
25/10/15 13:15,5600,5650
25/10/15 11:15,5600,5650
25/10/15 8:50,5600,5700
24/10/15 21:15,5600,5700
24/10/15 18:20,5650,5700
24/10/15 16:00,5600,5700
24/10/15 13:50,5600,5700
24/10/15 12:08,5600,5700
24/10/15 10:30,5600,5700
24/10/15 9:00,5600,5700
23/10/15 22:05,5650,5750
23/10/15 21:08,5650,5750
23/10/15 18:48,5700,5800
23/10/15 17:25,5700,5850
23/10/15 15:55,5650,5750
23/10/15 14:00,5800,5900
23/10/15 12:05,5700,5900
23/10/15 10:25,5700,5900
23/10/15 8:48,5700,6000
22/10/15 22:35,5800,6000
22/10/15 21:15,5750,6000
22/10/15 19:20,5700,5900
22/10/15 18:05,5650,5800
22/10/15 16:50,5650,5750
22/10/15 14:40,5600,5700
22/10/15 12:03,5500,5530
22/10/15 10:30,5480,5520
22/10/15 9:03,5480,5520
21/10/15 22:00,5470,5520
21/10/15 20:40,5470,5520
21/10/15 18:40,5450,5500
21/10/15 17:10,5450,5500
21/10/15 15:35,5430,5480
21/10/15 14:10,5400,5470
21/10/15 12:58,5400,5470
21/10/15 11:30,5350,5400
21/10/15 10:35,5350,5400
21/10/15 9:00,5350,5400
20/10/15 22:40,5380,5470
20/10/15 21:40,5380,5470
20/10/15 20:40,5420,5470
20/10/15 18:45,5420,5470
20/10/15 17:28,5420,5470
20/10/15 15:05,5370,5450
20/10/15 13:30,5350,5420
20/10/15 12:30,5350,5400
20/10/15 11:30,5320,5370
20/10/15 9:05,5280,5330
19/10/15 22:35,5270,5320
19/10/15 21:25,5270,5320
19/10/15 20:00,5250,5300
19/10/15 19:09,5250,5300
19/10/15 17:05,5230,5260
19/10/15 15:15,5220,5250
19/10/15 14:10,5210,5240
19/10/15 11:18,5200,5220
19/10/15 9:10,5190,5220
18/10/15 20:55,5190,5220
18/10/15 18:25,5190,5220
18/10/15 16:00,5190,5220
18/10/15 13:30,5190,5210
18/10/15 11:15,5180,5210
18/10/15 9:13,5190,5210
17/10/15 21:13,5190,5210
17/10/15 19:03,5190,5210
17/10/15 17:00,5190,5220
17/10/15 14:30,5190,5220
17/10/15 12:25,5180,5200
17/10/15 10:15,5180,5200
17/10/15 9:08,5180,5200
16/10/15 21:30,5180,5200
16/10/15 19:35,5170,5200
16/10/15 17:40,5150,5200
16/10/15 16:07,5150,5200
16/10/15 14:10,5130,5180
16/10/15 13:08,5130,5170
16/10/15 11:03,5100,5130
16/10/15 9:13,5100,5140
16/10/15 0:25,5100,5140
15/10/15 21:00,5120,5180
15/10/15 18:00,5170,5220
15/10/15 15:40,5180,5220
15/10/15 13:30,5170,5220
15/10/15 11:30,5170,5220
15/10/15 8:48,5150,5200
14/10/15 21:30,5120,5200
14/10/15 20:10,5120,5170
14/10/15 18:25,5100,5150
14/10/15 16:10,5080,5120
14/10/15 13:20,5080,5100
14/10/15 11:10,5070,5090
14/10/15 9:15,5060,5090
13/10/15 20:50,5060,5080
13/10/15 18:25,5050,5070
13/10/15 16:05,5040,5060
13/10/15 13:35,5040,5060
13/10/15 11:14,5030,5050
13/10/15 8:50,5030,5040
12/10/15 20:48,5025,5035
12/10/15 18:29,5025,5035
12/10/15 16:10,5020,5030
12/10/15 13:35,5020,5030
12/10/15 11:08,5010,5030
12/10/15 9:04,5010,5030
11/10/15 20:35,5010,5030
11/10/15 18:25,5010,5030
11/10/15 16:05,5010,5030
11/10/15 13:25,5010,5030
11/10/15 11:15,5010,5030
11/10/15 9:05,5010,5030
10/10/15 20:38,5020,5030
10/10/15 18:27,5020,5030
10/10/15 16:25,5010,5030
10/10/15 13:30,5010,5030
10/10/15 11:05,5010,5030
10/10/15 8:55,5010,5030
09/10/15 20:30,5010,5020
09/10/15 16:40,5000,5020
09/10/15 14:00,5000,5020
09/10/15 11:05,5000,5020
09/10/15 9:05,4990,5010
08/10/15 20:48,4990,5000
08/10/15 18:38,4990,5000
08/10/15 16:50,4980,5000
08/10/15 13:50,4980,5000
08/10/15 11:07,4980,5000
08/10/15 8:30,4980,5000
07/10/15 20:50,4990,5000
07/10/15 18:30,4990,5010
07/10/15 16:45,4990,5010
07/10/15 14:28,4990,5010
07/10/15 11:20,4990,5010
07/10/15 8:54,4990,5010
06/10/15 20:50,4990,5010
06/10/15 18:30,4980,5000
06/10/15 16:00,4980,5000
06/10/15 13:00,4970,4990
06/10/15 11:00,4970,4980
06/10/15 8:45,4960,4980
05/10/15 20:40,4960,4980
05/10/15 18:20,4960,4980
05/10/15 16:10,4950,4980
05/10/15 13:50,4950,4980
05/10/15 11:00,4970,4990
05/10/15 8:50,4970,5000
04/10/15 20:35,4980,5000
04/10/15 17:45,4980,5010
04/10/15 15:40,4980,5010
04/10/15 13:00,4980,5010
04/10/15 11:00,4980,5010
04/10/15 9:05,4980,5010
03/10/15 20:55,4980,5010
03/10/15 18:30,4980,5010
03/10/15 16:10,4970,5000
03/10/15 13:35,4960,4990
03/10/15 11:10,4950,4980
03/10/15 9:08,4950,4970
02/10/15 21:10,4940,4970
02/10/15 18:40,4940,4960
02/10/15 16:27,4940,4950
02/10/15 13:47,4930,4950
02/10/15 11:08,4930,4945
02/10/15 8:47,4930,4940
01/10/15 21:10,4930,4940
01/10/15 18:50,4925,4940
01/10/15 16:35,4920,4935
01/10/15 13:30,4920,4930
01/10/15 11:15,4915,4930
01/10/15 8:45,4920,4930
30/09/15 20:25,4910,4930
30/09/15 17:18,4910,4930
30/09/15 14:27,4920,4930
30/09/15 11:18,4920,4930
30/09/15 9:05,4920,4935
29/09/15 21:00,4925,4935
29/09/15 18:30,4920,4935
29/09/15 16:00,4920,4935
29/09/15 13:30,4920,4935
29/09/15 10:50,4920,4935
29/09/15 9:10,4920,4935
28/09/15 20:55,4920,4935
28/09/15 18:40,4920,4935
28/09/15 16:00,4900,4930
28/09/15 13:35,4910,4930
28/09/15 11:05,4900,4930
28/09/15 9:00,4900,4930
27/09/15 20:50,4900,4930
27/09/15 19:00,4900,4930
27/09/15 16:55,4890,4930
27/09/15 14:00,4890,4920
27/09/15 11:00,4880,4910
27/09/15 9:00,4880,4910
26/09/15 20:21,4880,4900
26/09/15 17:29,4880,4900
26/09/15 14:13,4870,4890
26/09/15 11:35,4870,4890
26/09/15 9:08,4870,4890
25/09/15 20:50,4880,4900
25/09/15 18:15,4880,4900
25/09/15 16:15,4880,4900
25/09/15 13:13,4890,4910
25/09/15 11:55,4890,4910
25/09/15 9:05,4900,4920
24/09/15 20:25,4900,4930
24/09/15 18:25,4900,4930
24/09/15 15:20,4900,4930
24/09/15 12:25,4900,4930
24/09/15 9:20,4900,4930
23/09/15 20:45,4900,4920
23/09/15 18:45,4890,4910
23/09/15 16:28,4880,4910
23/09/15 13:45,4870,4900
23/09/15 11:20,4870,4900
23/09/15 9:10,4880,4900
22/09/15 20:40,4880,4900
22/09/15 18:30,4890,4910
22/09/15 16:15,4900,4920
22/09/15 13:28,4900,4930
22/09/15 11:00,4910,4930
22/09/15 8:55,4910,4930
21/09/15 20:33,4910,4930
21/09/15 18:18,4910,4930
21/09/15 16:00,4900,4930
21/09/15 13:08,4900,4930
21/09/15 11:10,4900,4930
21/09/15 8:55,4890,4910
20/09/15 20:10,4880,4910
20/09/15 16:40,4880,4910
20/09/15 14:00,4880,4910
20/09/15 11:10,4880,4900
20/09/15 8:55,4880,4900
19/09/15 20:30,4870,4900
19/09/15 18:33,4870,4890
19/09/15 16:25,4870,4890
19/09/15 13:45,4860,4890
19/09/15 11:00,4860,4890
19/09/15 8:55,4860,4890
18/09/15 20:29,4860,4880
18/09/15 17:00,4860,4880
18/09/15 14:35,4870,4890
18/09/15 11:05,4870,4890
18/09/15 8:50,4870,4890
17/09/15 20:40,4870,4890
17/09/15 17:25,4870,4890
17/09/15 14:15,4880,4900
17/09/15 11:35,4880,4900
17/09/15 9:00,4880,4910
16/09/15 21:10,4890,4910
16/09/15 18:30,4890,4910
16/09/15 15:45,4900,4920
16/09/15 13:13,4900,4920
16/09/15 8:55,4900,4920
15/09/15 20:40,4900,4920
15/09/15 18:04,4900,4920
15/09/15 15:16,4900,4920
15/09/15 12:42,4900,4920
15/09/15 10:25,4900,4910
15/09/15 8:42,4900,4910
14/09/15 20:25,4890,4910
14/09/15 17:50,4880,4900
14/09/15 14:28,4870,4900
14/09/15 11:18,4860,4890
14/09/15 8:53,4860,4890
13/09/15 20:40,4860,4890
13/09/15 17:42,4860,4890
13/09/15 14:37,4860,4890
13/09/15 12:29,4860,4890
13/09/15 11:14,4860,4890
13/09/15 9:10,4870,4900
12/09/15 20:35,4880,4900
12/09/15 18:48,4880,4900
12/09/15 16:38,4880,4900
12/09/15 14:35,4880,4900
12/09/15 12:30,4880,4900
12/09/15 10:51,4870,4900
12/09/15 8:55,4880,4920
11/09/15 20:35,4900,4920
11/09/15 19:06,4900,4920
11/09/15 18:13,4900,4920
11/09/15 17:10,4900,4920
11/09/15 16:07,4880,4920
11/09/15 14:13,4900,4930
11/09/15 12:13,4900,4920
11/09/15 10:15,4900,4920
11/09/15 8:29,4900,4930
10/09/15 19:55,4900,4930
10/09/15 18:30,4900,4930
10/09/15 16:42,4870,4920
10/09/15 15:39,4850,4900
10/09/15 15:25,4830,4880
10/09/15 12:45,4800,4850
10/09/15 10:13,4800,4840
10/09/15 8:25,4820,4880
09/09/15 22:18,4850,4900
09/09/15 21:04,4880,4900
09/09/15 19:05,4900,4940
09/09/15 17:07,4920,4960
09/09/15 15:03,4950,4980
09/09/15 13:08,4930,4980
09/09/15 11:05,4930,4980
09/09/15 8:40,4930,4980
08/09/15 21:00,4900,4970
08/09/15 19:05,4900,4950
08/09/15 17:00,4880,4920
08/09/15 15:10,4870,4910
08/09/15 13:10,4870,4910
08/09/15 11:00,4860,4890
08/09/15 8:40,4860,4880
07/09/15 20:45,4850,4870
07/09/15 18:55,4850,4870
07/09/15 15:30,4840,4860
07/09/15 13:05,4830,4850
07/09/15 11:05,4830,4860
07/09/15 8:45,4830,4860
06/09/15 20:50,4830,4860
06/09/15 18:50,4830,4860
06/09/15 16:00,4830,4860
06/09/15 13:40,4820,4850
06/09/15 11:30,4820,4850
06/09/15 9:00,4820,4850
05/09/15 20:47,4820,4850
05/09/15 18:40,4820,4850
05/09/15 16:45,4810,4840
05/09/15 14:25,4800,4830
05/09/15 11:25,4800,4820
05/09/15 8:55,4780,4810
04/09/15 20:55,4780,4810
04/09/15 18:50,4770,4800
04/09/15 16:15,4770,4800
04/09/15 13:40,4760,4780
04/09/15 11:20,4760,4780
04/09/15 8:45,4760,4780
03/09/15 21:05,4750,4780
03/09/15 18:49,4750,4770
03/09/15 15:25,4750,4760
03/09/15 13:20,4750,4760
03/09/15 11:15,4740,4760
03/09/15 8:55,4740,4760
02/09/15 20:40,4740,4760
02/09/15 18:30,4730,4750
02/09/15 15:40,4730,4750
02/09/15 13:35,4720,4750
02/09/15 11:00,4720,4750
02/09/15 9:10,4720,4750
01/09/15 20:40,4720,4750
01/09/15 18:40,4730,4760
01/09/15 16:10,4740,4770
01/09/15 14:00,4740,4770
01/09/15 11:15,4740,4770
01/09/15 9:28,4740,4770
31/08/15 20:45,4740,4770
31/08/15 19:00,4740,4770
31/08/15 16:30,4740,4770
31/08/15 14:05,4730,4760
31/08/15 11:20,4720,4750
31/08/15 8:50,4700,4740
30/08/15 21:20,4700,4740
30/08/15 20:35,4690,4730
30/08/15 19:38,4690,4730
30/08/15 18:45,4690,4730
30/08/15 16:28,4690,4730
30/08/15 13:50,4690,4720
30/08/15 11:05,4680,4720
30/08/15 9:05,4680,4720
29/08/15 21:05,4680,4720
29/08/15 19:10,4680,4720
29/08/15 17:20,4680,4720
29/08/15 15:00,4680,4720
29/08/15 13:00,4680,4720
29/08/15 11:10,4680,4720
29/08/15 9:00,4700,4730
28/08/15 20:55,4720,4750
28/08/15 19:30,4730,4750
28/08/15 17:00,4730,4750
28/08/15 14:20,4740,4760
28/08/15 11:13,4740,4760
28/08/15 8:55,4740,4760
27/08/15 20:35,4730,4750
27/08/15 18:48,4700,4730
27/08/15 16:15,4720,4740
27/08/15 14:00,4720,4740
27/08/15 11:15,4710,4730
27/08/15 9:00,4710,4730
26/08/15 20:50,4700,4730
26/08/15 19:20,4700,4720
26/08/15 16:43,4700,4720
26/08/15 13:30,4700,4730
26/08/15 11:20,4690,4720
26/08/15 9:30,4690,4720
25/08/15 20:25,4680,4720
25/08/15 17:45,4680,4720
25/08/15 15:00,4680,4710
25/08/15 12:55,4680,4710
25/08/15 11:20,4680,4700
25/08/15 9:00,4670,4700
24/08/15 20:44,4670,4690
24/08/15 17:05,4670,4690
24/08/15 14:00,4660,4680
24/08/15 11:10,4660,4680
24/08/15 9:00,4660,4680
23/08/15 21:10,4660,4680
23/08/15 19:20,4660,4680
23/08/15 18:25,4660,4680
23/08/15 16:37,4660,4680
23/08/15 13:45,4660,4680
23/08/15 11:00,4660,4680
23/08/15 9:00,4660,4680
22/08/15 20:50,4660,4690
22/08/15 17:30,4660,4690
22/08/15 15:00,4650,4680
22/08/15 13:00,4650,4680
22/08/15 11:00,4650,4680
22/08/15 8:50,4670,4700
21/08/15 20:50,4670,4700
21/08/15 18:27,4660,4700
21/08/15 16:20,4650,4680
21/08/15 13:55,4640,4680
21/08/15 11:35,4630,4670
21/08/15 9:00,4620,4650
20/08/15 20:40,4610,4640
20/08/15 17:53,4610,4630
20/08/15 15:00,4610,4630
20/08/15 12:00,4600,4620
20/08/15 8:50,4600,4620
19/08/15 21:00,4600,4620
19/08/15 17:40,4600,4620
19/08/15 14:20,4600,4620
19/08/15 11:30,4600,4620
19/08/15 9:00,4600,4620
18/08/15 21:00,4610,4620
18/08/15 18:35,4600,4620
18/08/15 16:25,4600,4620
18/08/15 13:45,4600,4620
18/08/15 11:05,4600,4620
18/08/15 9:10,4600,4620
17/08/15 20:30,4600,4620
17/08/15 17:40,4590,4610
17/08/15 16:25,4590,4610
17/08/15 13:40,4590,4610
17/08/15 11:05,4590,4620
17/08/15 9:05,4590,4610
16/08/15 20:50,4590,4610
16/08/15 18:15,4590,4610
16/08/15 16:00,4590,4610
16/08/15 13:30,4590,4610
16/08/15 11:15,4580,4610
16/08/15 8:55,4590,4610
15/08/15 20:55,4590,4610
15/08/15 18:50,4590,4610
15/08/15 16:35,4580,4610
15/08/15 13:28,4580,4610
15/08/15 11:00,4580,4610
15/08/15 9:05,4580,4610
14/08/15 20:30,4590,4610
14/08/15 18:30,4590,4610
14/08/15 16:40,4590,4610
14/08/15 13:25,4590,4610
14/08/15 11:00,4590,4610
14/08/15 9:05,4600,4620
13/08/15 20:30,4600,4620
13/08/15 18:25,4600,4620
13/08/15 16:00,4600,4630
13/08/15 13:20,4600,4630
13/08/15 11:25,4600,4630
13/08/15 8:50,4600,4630
12/08/15 20:40,4610,4630
12/08/15 17:50,4600,4640
12/08/15 14:30,4600,4630
12/08/15 11:20,4590,4620
12/08/15 8:50,4580,4620
11/08/15 21:05,4570,4610
11/08/15 18:50,4570,4610
11/08/15 16:10,4550,4600
11/08/15 13:40,4550,4600
11/08/15 11:50,4550,4600
11/08/15 10:25,4550,4600
11/08/15 8:30,4540,4560
10/08/15 20:05,4530,4570
10/08/15 19:50,4520,4560
10/08/15 18:50,4520,4560
10/08/15 17:10,4520,4550
10/08/15 15:30,4480,4520
10/08/15 14:00,4480,4520
10/08/15 11:50,4500,4540
10/08/15 10:25,4500,4540
10/08/15 8:20,4530,4570
09/08/15 20:30,4550,4580
09/08/15 18:00,4560,4590
09/08/15 15:00,4570,4600
09/08/15 11:40,4570,4600
09/08/15 9:05,4580,4610
08/08/15 21:00,4600,4620
08/08/15 18:00,4600,4620
08/08/15 15:00,4610,4630
08/08/15 11:35,4610,4630
08/08/15 9:05,4600,4630
07/08/15 20:45,4620,4630
07/08/15 18:10,4610,4630
07/08/15 15:10,4610,4630
07/08/15 11:58,4610,4630
07/08/15 9:25,4600,4630
06/08/15 20:20,4600,4630
06/08/15 18:00,4600,4620
06/08/15 15:10,4600,4630
06/08/15 12:00,4600,4620
06/08/15 9:10,4600,4620
05/08/15 21:25,4600,4620
05/08/15 18:25,4600,4620
05/08/15 14:45,4600,4630
05/08/15 11:50,4600,4630
05/08/15 9:20,4600,4630
04/08/15 21:00,4600,4620
04/08/15 18:25,4600,4620
04/08/15 16:20,4590,4610
04/08/15 13:30,4590,4610
04/08/15 11:00,4590,4610
04/08/15 9:20,4590,4610
03/08/15 21:00,4590,4610
03/08/15 18:30,4580,4600
03/08/15 15:00,4580,4600
03/08/15 11:55,4580,4600
03/08/15 9:00,4590,4610
02/08/15 21:00,4590,4610
02/08/15 18:55,4590,4610
02/08/15 16:50,4600,4620
02/08/15 14:20,4600,4610
02/08/15 11:30,4600,4620
02/08/15 8:50,4600,4620
01/08/15 20:30,4600,4620
01/08/15 17:40,4590,4610
01/08/15 15:30,4590,4610
01/08/15 13:30,4590,4600
01/08/15 8:55,4580,4600
31/07/15 20:50,4580,4600
31/07/15 18:30,4580,4600
31/07/15 14:30,4570,4590
31/07/15 11:25,4570,4590
31/07/15 8:45,4570,4590
30/07/15 20:55,4570,4590
30/07/15 18:30,4570,4590
30/07/15 16:05,4570,4590
30/07/15 13:10,4570,4590
30/07/15 10:35,4570,4590
30/07/15 8:55,4570,4600
29/07/15 20:50,4570,4600
29/07/15 18:10,4570,4590
29/07/15 15:30,4570,4590
29/07/15 13:00,4570,4600
29/07/15 10:40,4570,4590
29/07/15 8:40,4570,4590
28/07/15 20:30,4560,4590
28/07/15 18:20,4560,4590
28/07/15 16:00,4560,4590
28/07/15 13:30,4550,4570
28/07/15 11:10,4550,4570
28/07/15 8:50,4540,4570
27/07/15 20:55,4540,4570
27/07/15 19:10,4540,4570
27/07/15 17:25,4540,4560
27/07/15 14:00,4530,4560
27/07/15 11:00,4530,4560
27/07/15 9:15,4530,4560
26/07/15 20:35,4530,4560
26/07/15 18:00,4530,4550
26/07/15 15:55,4530,4550
26/07/15 13:20,4530,4550
26/07/15 11:00,4520,4550
26/07/15 8:50,4520,4550
25/07/15 21:00,4520,4550
25/07/15 18:40,4520,4550
25/07/15 16:30,4510,4540
25/07/15 14:00,4510,4540
25/07/15 12:00,4500,4540
25/07/15 10:35,4500,4540
25/07/15 8:30,4520,4550
24/07/15 22:20,4530,4570
24/07/15 21:05,4540,4570
24/07/15 18:45,4540,4570
24/07/15 15:40,4550,4580
24/07/15 13:40,4550,4580
24/07/15 11:25,4550,4580
24/07/15 10:05,4550,4600
24/07/15 8:30,4550,4600
23/07/15 21:00,4550,4600
23/07/15 19:30,4550,4600
23/07/15 17:10,4540,4600
23/07/15 15:05,4540,4580
23/07/15 13:00,4530,4570
23/07/15 11:00,4530,4560
23/07/15 8:30,4520,4550
22/07/15 20:50,4520,4550
22/07/15 17:50,4500,4530
22/07/15 15:00,4490,4520
22/07/15 14:10,4490,4520
22/07/15 12:00,4490,4520
22/07/15 9:00,4470,4490
21/07/15 0:00,4470,4490
20/07/15 0:00,4450,4470
19/07/15 0:00,4440,4470
18/07/15 0:00,4440,4480
17/07/15 0:00,4430,4450
16/07/15 0:00,4460,4480
15/07/15 0:00,4480,4500
14/07/15 0:00,4490,4510
13/07/15 0:00,4490,4510
12/07/15 0:00,4490,4520
11/07/15 0:00,4480,4500
10/07/15 0:00,4470,4490
09/07/15 0:00,4450,4470
08/07/15 0:00,4435,4450
07/07/15 0:00,4435,4450
06/07/15 0:00,4430,4440
05/07/15 0:00,4430,4440
04/07/15 0:00,4430,4440
03/07/15 0:00,4425,4435
02/07/15 0:00,4425,4435
01/07/15 0:00,4420,4435
30/06/15 0:00,4420,4430
29/06/15 0:00,4420,4430
28/06/15 0:00,4420,4430
27/06/15 0:00,4420,4430
26/06/15 0:00,4420,4430
25/06/15 0:00,4415,4430
24/06/15 0:00,4420,4430
23/06/15 0:00,4415,4430
22/06/15 0:00,4415,4430
21/06/15 0:00,4415,4430
20/06/15 0:00,4415,4430
19/06/15 0:00,4415,4425
18/06/15 0:00,4410,4425
17/06/15 0:00,4420,4430
16/06/15 0:00,4410,4430
15/06/15 0:00,4410,4430
14/06/15 0:00,4410,4430
13/06/15 0:00,4420,4430
12/06/15 0:00,4400,4420
11/06/15 0:00,4400,4420
10/06/15 0:00,4390,4410
09/06/15 0:00,4390,4410
08/06/15 0:00,4380,4400
07/06/15 0:00,4390,4410
06/06/15 0:00,4400,4420
05/06/15 0:00,4380,4400
04/06/15 0:00,4370,4390
03/06/15 0:00,4380,4400
02/06/15 0:00,4380,4400
01/06/15 0:00,4350,4400
31/05/15 0:00,4300,4380
30/05/15 0:00,4380,4420
29/05/15 0:00,4400,4430
28/05/15 0:00,4400,4430
27/05/15 0:00,4400,4450
